,Amazonas - Consumo de Cimento (t),Amazonas - IDH,Amazonas - value,Amazonas - Desemprego, IPCA - Variação mensal durante o Plano Real (%), NFSP - Fluxo Mensal (Milhões de reais),NFSP - Porcentagem do PIB (%),Taxa Selic (%),IGP-DI,População,Estoque liquido de capital fixo - (R$), INCC (%),Amazonas - Produção de Cimento (t),Amazonas - PIB - Estadual,Amazonas - PIB - Construção Civil,Amazonas - PIB - Per Capita,Amazonas - PIB - Preços de Mercado
2003-1,28.193,0.6958981976409983,0.3302786293579274,8.63094167820409,0.7240323223220154,-5331.049150116268,11.520142924731228,1.6397179054162052,1.0365342950716354,177206913.03714657,7330309.193826131,0.9696488878423896,51.31308,47544687.674064346,2519796.2103436003,12.490621318989646,43185181.42088147
2003-2,31.226,0.696042688287905,0.3311372077954465,8.62487239825774,0.6902970479188117,-5318.079644051534,11.189861881849811,1.3788993761097037,0.9934494214635804,177388401.60938227,7335910.173263511,0.9507826970690516,51.55419538461539,47601898.65275156,2521320.868973269,12.49216413615344,43201536.00382865
2003-3,33.484,0.6961871789348117,0.3313060969167054,8.61880311831139,0.6696806488591152,-5436.417870121553,10.82079163233486,1.924316748240424,0.9730199952886446,177569890.18161798,7341511.152700892,0.9383319190618296,51.5233064957265,47659109.63143877,2522845.527602938,12.493706953317233,43217890.586775824
2003-4,31.596,0.6963316695817185,0.3317909253043227,8.612733838365042,0.6604937853917251,-5707.015273535643,10.417840426092068,1.3311738085719491,0.940488752580393,177751378.75385368,7347112.132138272,0.9264010581332036,51.63962792429793,47716320.61012598,2524370.186232608,12.495249770481026,43234245.16972301
2003-5,32.919,0.6964761602286254,0.3321892812208954,8.606664558418691,0.6483369045565663,-5599.317940972945,9.959689613256948,1.7360716517829076,0.9174932274418915,177932867.32608938,7352713.111575652,0.9516834453474324,51.83845551050483,47773531.58881319,2525894.844862276,12.49679258764482,43250599.75267018
2003-6,32.198,0.696620650875532,0.3324983877135361,8.60059527847234,0.6327588982490451,-5720.383331634745,9.432414860416127,1.8491678046235127,0.9127593777790712,178114355.8983251,7358314.091013032,0.9096671663294,51.88248884383816,47830742.567500405,2527419.503491945,12.498335404808612,43266954.33561736
2003-7,37.274,0.6967651415224388,0.3325116249003285,8.594525998525992,0.6380135035998685,-5884.375046061743,8.822929754380787,1.67676361545111,0.9100665913481976,178295844.4705608,7363915.070450412,0.8904414926874215,52.34184368254784,47887953.54618762,2528944.1621216144,12.499878221972406,43283308.91856453
2003-8,37.605,0.6969096321693456,0.3328511502042184,8.588456718579643,0.6346344548960355,-5959.855464930735,8.332469749880811,1.8097393112807352,0.8898926477529421,178477333.0427965,7369516.049887793,0.8702308928724296,52.32221868254783,47945164.52487484,2530468.820751284,12.5014210391362,43299663.50151171
2003-9,38.386,0.6970541228162523,0.3331151004113541,8.582387438633292,0.6323269495840285,-6014.809970017429,7.939983702859978,1.8316690419412016,0.8665147784673063,178658821.6150322,7375117.029325173,0.844478552685211,52.23615807648723,48002375.50356205,2531993.479380952,12.502963856299992,43316018.08445889
2003-10,39.519,0.6971986134631591,0.3343220002238347,8.576318158686941,0.629038170305887,-6121.266757398654,7.604976000172705,2.039285364639529,0.8493838484375612,178840310.1872679,7380718.008762553,0.8421829305905358,52.19389337060488,48059586.48224926,2533518.138010621,12.504506673463784,43332372.66740606
2003-11,39.614,0.697343104110066,0.3352790363183034,8.570248878740593,0.6315074373857803,-6097.745583517717,7.313008932848318,1.7470011225975584,0.8382390949358776,179021798.7595036,7386318.988199934,0.8327971802717965,52.1094647991763,48116797.46093647,2535042.79664029,12.50604949062758,43348727.25035324
2003-12,36.333,0.6974875947569726,0.3365935754429253,8.564179598794244,0.6292469617617195,-6082.10009002275,7.034262103245153,1.9418352636981289,0.8211746264022252,179203287.3317393,7391919.967637314,0.8169855326871092,52.27277035473186,48174008.43962368,2536567.4552699598,12.507592307791372,43365081.83330041
2004-1,34.293,0.6976320854038794,0.3384891625048575,8.558110318847893,0.6279521987366027,-6360.043009879893,6.775421109777445,1.2887103771069537,0.8146624868021721,179384775.903975,7397520.947074695,0.8183674345886709,52.14577035473186,48231219.418310896,2538092.113899628,12.509135124955163,43381436.41624759
2004-2,48.623,0.6977661524939551,0.3405866350084142,8.555495007999722,0.6179234500456987,-6312.09879505444,6.535527586437412,1.2447554117031494,0.7877508194696684,179558325.62127495,7402970.507331404,0.813175865272952,52.20479667052133,48281638.85881487,2538272.0313466378,12.50931604264761,43391036.479510486
2004-3,34.555,0.6979002195840309,0.3426868899066742,8.55287969715155,0.6110282002564377,-6382.974247910342,6.304693993612522,1.2465540316260806,0.7462153668542578,179731875.3385749,7408420.067588114,0.7940584078254243,52.61951461923928,48332058.29931884,2538451.948793647,12.509496960340057,43400636.54277338
2004-4,57.805,0.6980342866741066,0.3447907124124675,8.550264386303379,0.602215193421453,-6659.524121320398,6.092845857236326,1.2127250214234362,0.7161196882161044,179905425.05587482,7413869.627844823,0.7742123337341686,52.80761461923928,48382477.73982281,2538631.8662406565,12.509677878032502,43410236.60603627
2004-5,39.036,0.6981683537641823,0.346482444664004,8.547649075455206,0.5930166849467975,-6639.092352241397,5.906435456003245,1.2817627267622196,0.6877653033067546,180078974.77317473,7419319.188101534,0.7850618617376672,52.761199985092944,48432897.18032679,2538811.7836876656,12.509858795724949,43419836.66929916
2004-6,55.436,0.6983024208542581,0.3483665507241069,8.545033764607036,0.574475450988554,-6748.885395968077,5.749095649630231,1.4699831580623657,0.6580265037168356,180252524.49047467,7424768.748358243,0.7615174276282071,52.68165236604531,48483316.62083076,2538991.701134675,12.510039713417392,43429436.73256206
2004-7,56.242,0.6984364879443338,0.3502435383179162,8.542418453758863,0.5593363966337657,-6784.497815846861,5.627047610968012,1.277476010520013,0.6207840323429428,180426074.2077746,7430218.308614952,0.7524273421975352,52.82107097069648,48533736.06133473,2539171.6185816843,12.51022063110984,43439036.79582495
2004-8,58.105,0.6985705550344095,0.3516973806883654,8.539803142910692,0.5366506165950669,-6905.605509166634,5.503636763429107,1.3692624947884502,0.5909034137973287,180599623.9250745,7435667.868871663,0.7295497751500113,52.95507097069648,48584155.50183871,2539351.536028694,12.510401548802284,43448636.85908784
2004-9,41.072,0.6987046221244853,0.3535445708779739,8.537187832062521,0.521373108360619,-6995.222858870797,5.379865840264738,1.2233548439105977,0.5537026055994817,180773173.6423745,7441117.429128372,0.7095428699539044,52.67787097069648,48634574.94234268,2539531.4534757035,12.510582466494728,43458236.922350734
2004-10,55.694,0.6988386892145609,0.3553856432511028,8.534572521214349,0.5156158255655208,-7120.238857990881,5.253056293059425,1.0832535786578323,0.5450174136197448,180946723.3596744,7446566.989385082,0.6959159305043552,52.58287097069648,48684994.38284665,2539711.3709227126,12.510763384187172,43467836.98561363
2004-11,44.211,0.6989727563046366,0.3569067208933748,8.531957210366178,0.5071034898207396,-7055.497216121851,5.122595130555095,1.225778954987658,0.5310516981315352,181120273.0769744,7452016.549641792,0.6696517138276467,52.61240288559009,48735413.82335062,2539891.288369722,12.510944301879618,43477437.04887653
2004-12,62.31,0.6991068233947124,0.3585184105711919,8.529341899518005,0.4969515420076215,-6921.044658255659,4.995239879121229,1.1747086678519794,0.5059456433043616,181293822.79427427,7457466.109898502,0.6553570801963157,52.61242371892343,48785833.2638546,2540071.205816732,12.511125219572063,43487037.11213941
2005-1,39.696,0.6992408904847881,0.3601341158291887,8.526726588669835,0.483143045759377,-7202.757774714469,4.860078219431911,1.4639532115258698,0.4921828904516431,181467372.5115742,7462915.670155211,0.6473973428202994,52.45875024953568,48836252.70435857,2540251.123263741,12.51130613726451,43496637.17540231
2005-2,56.005,0.6993648577248498,0.3617638196347246,8.520022369359578,0.4753697952172824,-7128.700399706268,4.725791184629883,1.4873522528925844,0.479032861785929,181632962.2895496,7468228.679464037,0.6298003725137261,52.46155984646497,48881800.87868676,2541705.3258962627,12.511353194720137,43503490.96266485
2005-3,39.376,0.6994888249649114,0.3634092606926692,8.513318150049322,0.4664937288356185,-7221.778170229833,4.596932598972333,1.394672339987124,0.4648610952618953,181798552.067525,7473541.688772862,0.6197803250738215,52.71738361099252,48927349.05301493,2543159.5285287844,12.511400252175758,43510344.74992739
2005-4,59.327,0.6996127922049731,0.3654929987289133,8.506613930739066,0.4550001182228941,-7427.695727374902,4.479302822781261,1.513866283918324,0.4371435666899209,181964141.8455004,7478854.698081687,0.6089935578495764,52.94356885824285,48972897.22734312,2544613.731161306,12.511447309631382,43517198.53718993
2005-5,40.816,0.6997367594450348,0.367201204309007,8.49990971142881,0.4387655535867955,-7307.848389698152,4.361373483938184,1.5686237807140602,0.4197283588146051,182129731.6234758,7484167.707390512,0.6112913639662371,52.88120030587437,49018445.401671305,2546067.933793828,12.511494367087003,43524052.32445247
2005-6,58.167,0.6998607266850964,0.3689361415148868,8.493205492118554,0.4302028729547594,-7431.800235590503,4.256101726196984,1.400078135123935,0.4199780553732319,182295321.4014512,7489480.716699338,0.5804670357747842,52.97025632210641,49063993.57599948,2547522.1364263496,12.51154142454263,43530906.11171501
2005-7,46.075,0.699984693925158,0.3707001773067511,8.486501272808297,0.4313751989691616,-7447.830376487559,4.16168717243741,1.5002475733361442,0.426655987569031,182460911.1794265,7494793.726008162,0.5645649922940777,53.24465974003024,49109541.75032767,2548976.3390588714,12.511588481998253,43537759.89897755
2005-8,61.321,0.7001086611652197,0.3731121885803515,8.479797053498041,0.4316478866297594,-7426.454566904413,4.079825078928361,1.366263537502306,0.4533210772878235,182626500.957402,7500106.735316987,0.5609756759595197,53.37416619018295,49155089.924655855,2550430.541691393,12.511635539453875,43544613.68624009
2005-9,49.763,0.7002326284052813,0.375566495485987,8.473092834187785,0.4277093852365702,-7512.020875107958,4.012628248908924,1.489061200727286,0.4844114534007803,182792090.7353773,7505419.744625812,0.5646643450021134,53.552634506665306,49200638.09898403,2551884.744323915,12.511682596909502,43551467.47350264
2005-10,59.29,0.700356595645343,0.3786777484466938,8.466388614877529,0.4225131084131527,-7687.979669089395,3.9602332396446167,1.2109586000669308,0.4945726100320757,182957680.51335275,7510732.753934638,0.5644640550493971,53.60639933177098,49246186.27331222,2553338.9469564366,12.511729654365125,43558321.26076517
2005-11,58.858,0.7004805628854047,0.3810115392267521,8.459684395567272,0.410747290823505,-7676.736667287167,3.9221772649399615,1.6422607052183609,0.4959029929217597,183123270.29132813,7516045.763243463,0.5622657106505984,53.71508312689681,49291734.4476404,2554793.1495889584,12.51177671182075,43565175.04802772
2005-12,44.592,0.7006045301254663,0.3835775086738632,8.452980176257016,0.4101195327303973,-7542.184036343686,3.892160292125506,1.377980104178371,0.5121818479826961,183288860.0693036,7521358.772552288,0.5630711908624105,53.91299370501356,49337282.62196858,2556247.35222148,12.511823769276372,43572028.83529025
2006-1,51.658,0.700728497365528,0.3857608542500048,8.44627595694676,0.4093210137705744,-7965.495545452277,3.8684439286332686,1.0704709367180183,0.5246513831169914,183454449.8472789,7526671.781861113,0.5580933471517024,53.930569691754,49382830.79629677,2557701.554854002,12.511870826731997,43578882.6225528
2006-2,47.766,0.7008426884623926,0.3879500724488854,8.445286910719794,0.4028183365263698,-7956.205189035386,3.846872965752776,1.272740378704435,0.5117940136540285,183612058.601541,7531879.804076586,0.5540061208774786,54.03313702516262,49418184.08704109,2559041.3665855504,12.509630862875706,43576184.80057915
2006-3,63.752,0.7009568795592571,0.390141163008895,8.444297864492828,0.3998570076790366,-8153.367564422752,3.842818789820434,1.087038179944784,0.5216724461884032,183769667.35580307,7537087.826292059,0.558308779155122,54.26093988954305,49453537.37778541,2560381.178317099,12.507390899019418,43573486.97860551
2006-4,39.106,0.7010710706561217,0.392742270623226,8.443308818265862,0.3979963710958243,-8423.448244351577,3.836249908110392,1.2439483036977474,0.5491307539299164,183927276.1100652,7542295.848507533,0.5671710316312383,54.28456081342681,49488890.66852972,2561720.990048647,12.505150935163128,43570789.156631865
2006-5,56.476,0.7011852617529863,0.3949453636479354,8.442319772038896,0.4056653747218318,-8229.867308086905,3.840605092822108,0.9925459420462728,0.5836820001689738,184084884.86432725,7547503.870723005,0.5968232499556683,54.666192368410215,49524243.95927404,2563060.8017801954,12.50291097130684,43568091.33465822
2006-6,41.108,0.701299452849851,0.3971588926067911,8.44133072581193,0.4149031030845876,-8333.395980655183,3.8357922282673904,1.1619063477174951,0.6123741776559579,184242493.6185893,7552711.892938478,0.6052265435927703,55.07511058031466,49559597.25001836,2564400.613511744,12.50067100745055,43565393.512684576
2006-7,59.763,0.7014136439467156,0.399379144481948,8.440341679584964,0.4267485653722618,-8363.641502791654,3.834296240076312,1.0107148892098956,0.6206261710016543,184400102.37285143,7557919.915153951,0.6134655051430675,55.59711993162627,49594950.54076268,2565740.4252432925,12.49843104359426,43562695.69071093
2006-8,63.997,0.7015278350435801,0.4022186466485609,8.439352633358,0.4258794259587617,-8483.803210688488,3.837301314139748,1.137471455329126,0.6093984595457096,184557711.1271135,7563127.937369425,0.6251193452031805,55.82316174715545,49630303.831507,2567080.236974841,12.49619107973797,43559997.86873728
2006-9,56.749,0.7016420261404447,0.405086427586524,8.438363587131034,0.427904503700878,-8564.573776025667,3.830845488644045,1.0587078803302106,0.6087555012956766,184715319.8813756,7568335.959584897,0.6374779078573267,56.06179625279747,49665657.12225132,2568420.048706389,12.49395111588168,43557300.04676364
2006-10,50.074,0.7017562172373093,0.4079750369071067,8.437374540904068,0.4308949403404751,-8753.077264130869,3.820865481468113,1.421378557730808,0.6272259685547825,184872928.63563767,7573543.98180037,0.6494765821002537,56.45357023814648,49701010.41299564,2569759.860437938,12.491711152025392,43554602.22478999
2006-11,58.841,0.7018704083341738,0.4110891061653925,8.436385494677102,0.4297781875807803,-8585.918047929645,3.797759546537678,1.4120349588618786,0.6138016533493752,185030537.38989973,7578752.004015843,0.6544472076430272,57.02621716197198,49736363.70373995,2571099.672169486,12.489471188169102,43551904.40281635
2006-12,36.857,0.7019845994310384,0.4141336446403317,8.435396448450136,0.4275878752901689,-8102.613779191029,3.778681269312833,1.1875702591687969,0.5948781830476984,185188146.14416185,7583960.026231317,0.6529124218025248,57.37615214720427,49771716.99448427,2572439.4839010346,12.487231224312811,43549206.5808427
2007-1,57.622,0.702098790527903,0.4171053841111304,8.43440740222317,0.4261722902551189,-8429.349883699913,3.758139256867763,1.0484592446587069,0.5915910920220523,185345754.8984239,7589168.048446789,0.652250285916937,57.39796293145489,49807070.28522859,2573779.295632583,12.484991260456525,43546508.75886906
2007-2,51.061,0.7022035291883876,0.4201047977495373,8.43128061887538,0.4272545197346237,-8207.504212454718,3.739732339264414,0.8421045009906388,0.5821912594010402,185495361.54458392,7594051.910447072,0.6486758561842155,57.35300808822876,49837505.11294495,2573364.7397459294,12.482967496364322,43542281.85927479
2007-3,57.695,0.702308267848872,0.4232342054661662,8.428153835527592,0.421374616153345,-8302.699392306728,3.706955628134506,1.018140906308683,0.5624597981278792,185644968.19074392,7598935.772447355,0.6396733150346336,57.53967029724435,49867939.94066131,2572950.183859276,12.480943732272122,43538054.95968052
2007-4,55.162,0.7024130065093566,0.4262918574003192,8.425027052179802,0.4226987158945232,-8434.701866226666,3.675935689954143,0.9033883329680754,0.5607781390026951,185794574.836904,7603819.634447637,0.6337527638093442,57.34061492349439,49898374.76837767,2572535.6279726224,12.47891996817992,43533828.06008625
2007-5,41.137,0.702517745169841,0.4293693851283071,8.421900268832012,0.4265292995204747,-8141.051175182823,3.63852003418216,0.9401668232327632,0.5641176200703027,185944181.483064,7608703.49644792,0.653237645563625,57.69310565951992,49928809.59609403,2572121.0720859687,12.47689620408772,43529601.16049198
2007-6,62.169,0.7026224838303256,0.432474858206252,8.418773485484223,0.427912233110958,-8026.170619784551,3.601931188268772,0.8058311751117864,0.557268421320419,186093788.129224,7613587.358448203,0.6449100186574492,57.7766139320433,49959244.42381039,2571706.516199315,12.47487243999552,43525374.26089771
2007-7,59.404,0.7027272224908101,0.4356083014040349,8.415646702136433,0.4270491588284315,-7955.022260278307,3.560009340555952,1.076324332364028,0.5417029185846474,186243394.77538395,7618471.220448485,0.63275579381832,57.79280490367467,49989679.25152674,2571291.9603126617,12.472848675903318,43521147.36130344
2007-8,64.462,0.7028319611512945,0.4389737733243877,8.412519918788643,0.4251241376010696,-7983.790257906689,3.5118118337828608,0.928096428428659,0.5383365294217008,186393001.421544,7623355.082448767,0.6268005040535086,57.801440519259245,50020114.07924311,2570877.404426008,12.470824911811118,43516920.46170917
2007-9,57.133,0.7029366998117791,0.4418484995436537,8.409393135440855,0.4202971223147698,-7895.376088335307,3.469607481841116,0.8415331129361044,0.5168062325264737,186542608.067704,7628238.94444905,0.6258989699329778,57.49560938311794,50050548.90695947,2570462.8485393543,12.468801147718915,43512693.562114894
2007-10,53.736,0.7030414384722635,0.4450379281978918,8.406266352093064,0.422186667969427,-7988.122113095049,3.4226070580234054,0.9901874062377624,0.492773472916794,186692214.713864,7633122.806449333,0.617964982686669,57.69385376835168,50080983.73467583,2570048.292652701,12.466777383626717,43508466.66252063
2007-11,54.047,0.7031461771327481,0.4476167073764877,8.403139568745274,0.4244249038787387,-8017.515428278837,3.3732677481944013,0.9668064819595842,0.4788592048124005,186841821.360024,7638006.668449616,0.6145670424343683,57.91547528746556,50111418.56239219,2569633.736766047,12.464753619534516,43504239.76292636
2007-12,53.303,0.7032509157932325,0.4500984455019925,8.400012785397486,0.4244999572063965,-7877.11519891132,3.3132900029546954,0.8691533889591027,0.4548379030142503,186991428.006184,7642890.530449898,0.6103282941034248,58.004646556048606,50141853.39010855,2569219.1808793936,12.462729855442316,43500012.863332085
2008-1,77.287,0.7033556544537171,0.4524764238046074,8.396886002049696,0.4249975168895801,-8333.785630800456,3.2555579562369243,1.1129169419380611,0.4442798633210167,187141034.652344,7647774.392450181,0.6123131329450783,58.06308845096768,50172288.217824906,2568804.62499274,12.460706091350117,43495785.963737816
2008-2,42.181,0.7034512643846385,0.4548583742036809,8.398867115384386,0.4302154047083354,-7957.479510093275,3.199376609861489,0.9254570735761608,0.4446804445496704,187282618.10601315,7652174.341637064,0.6130114959204532,58.06189495625777,50197439.40033639,2569315.0611380907,12.458474403418649,43492416.07845311
2008-3,56.733,0.7035468743155598,0.4573462987292889,8.400848228719076,0.4313867734467428,-7892.607761543437,3.141468520965748,0.843959701601586,0.4484128206903977,187424201.5596823,7656574.290823947,0.6213585443907181,58.23774715893317,50222590.582847886,2569825.497283441,12.456242715487177,43489046.1931684
2008-4,63.01,0.7036424842464812,0.4599423219072562,8.402829342053765,0.4338669727481246,-8007.976541076512,3.0675634134381013,1.0100789688419711,0.4473258895577853,187565785.01335144,7660974.24001083,0.6263187436812404,58.16817179708399,50247741.76535937,2570335.933428792,12.454011027555708,43485676.307883695
2008-5,61.179,0.7037380941774026,0.4621300780559099,8.404810455388455,0.4321500462512327,-7622.164669581103,2.983508587016217,0.8788234320750334,0.4544319127338644,187707368.4670206,7665374.189197713,0.646709513314914,58.19624549062801,50272892.94787087,2570846.369574142,12.45177933962424,43482306.42259899
2008-6,46.974,0.703833704108324,0.4646236436560725,8.406791568723145,0.416568100772241,-7526.222983080984,2.8968331481222203,0.7991930023670225,0.4203655844188621,187848951.92068976,7669774.1383845955,0.6287480084855108,58.05471596251,50298044.13038235,2571356.805719493,12.44954765169277,43478936.53731428
2008-7,72.652,0.7039293140392455,0.4671229242897313,8.408772682057837,0.4017041211332135,-7372.476799457021,2.8193033709764,0.902092951723226,0.3823654090466765,187990535.3743589,7674174.087571479,0.599023956748628,57.889054847860926,50323195.31289384,2571867.2418648438,12.447315963761302,43475566.65202957
2008-8,66.121,0.7040249239701669,0.4701381034694821,8.410753795392527,0.3911930100262941,-7330.909560613458,2.746140251198851,0.9463193773473402,0.377094781251677,188132118.82802805,7678574.036758362,0.5717904557609863,57.68323719309021,50348346.49540533,2572377.678010194,12.445084275829831,43472196.76674486
2008-9,87.346,0.7041205339010883,0.4727487046290927,8.412734908727217,0.393954511741958,-7785.307445305803,2.665912474404139,1.072336807943622,0.4025579714905743,188273702.2816972,7682973.985945245,0.5509061927111456,57.50364689606847,50373497.67791682,2572888.114155545,12.442852587898363,43468826.88146015
2008-10,56.694,0.7042161438320097,0.4755581388544512,8.414716022061906,0.4032616547632046,-7703.954458964581,2.598260780235978,1.0137661057737235,0.412023328025164,188415285.7353664,7687373.935132128,0.5338333005653052,57.52497037858421,50398648.86042831,2573398.5503008952,12.440620899966897,43465456.996175446
2008-11,71.614,0.7043117537629311,0.4785700388941929,8.416697135396596,0.4104528122004031,-7476.287871104045,2.5386157863332808,1.0949575949903168,0.4176314374021105,188556869.1890356,7691773.884319011,0.5233099682890817,57.73754997328701,50423800.0429398,2573908.986446246,12.438389212035426,43462087.11089074
2008-12,67.442,0.7044073636938525,0.4813757722151889,8.418678248731286,0.4155686208661097,-7673.72643892393,2.504755709594416,1.1610813401906588,0.4199544942195133,188698452.64270467,7696173.833505894,0.524103085853287,57.80886288780366,50448951.22545129,2574419.4225915964,12.436157524103956,43458717.22560603
2009-1,57.07,0.7045029736247739,0.4840337748187574,8.420659362065976,0.4265478197554145,-8468.75016667358,2.46038988184506,0.7012005668165715,0.4453642148556728,188840036.09637383,7700573.782692777,0.5263722830788128,57.96995902536691,50474102.40796278,2574929.858736947,12.433925836172488,43455347.340321325
2009-2,54.492,0.7045897785329491,0.4866649664658519,8.418027531163485,0.4330860958676656,-8362.130172448553,2.419211323171128,0.7911392802955751,0.4617677479747263,188999683.0050093,7704524.6839363,0.5227829360821162,58.3067956803447,50575683.10825856,2574436.210274145,12.435914130167022,43483670.76136425
2009-3,58.917,0.7046765834411245,0.4892886433784297,8.415395700260994,0.4381030668091561,-8556.283355305572,2.384914975903917,0.6947273574987124,0.4744121661088831,189159329.91364485,7708475.585179822,0.5234789989371754,58.71526073324503,50677263.80855434,2573942.5618113438,12.437902424161557,43511994.18240718
2009-4,57.781,0.7047633883492997,0.4918407747643942,8.412763869358503,0.45007711682254,-8805.162211693303,2.3630365952461503,0.6925605788455927,0.4999622144350261,189318976.8222804,7712426.486423344,0.5478423802413089,58.85774217071442,50778844.50885012,2573448.913348541,12.43989071815609,43540317.603450105
2009-5,59.29,0.704850193257475,0.4945254465473345,8.410132038456013,0.450431778065969,-8667.302626906909,2.3525692667827225,0.8262641115749951,0.4981088282193594,189478623.73091587,7716377.387666867,0.6069054336378797,59.24274476759647,50880425.2091459,2572955.264885739,12.441879012150622,43568641.02449303
2009-6,58.25,0.7049369981656504,0.4972021008620086,8.407500207553522,0.4443889715056729,-8866.763268778828,2.338774353162325,0.8459717013893588,0.4904351794060748,189638270.6395514,7720328.288910389,0.5851435517618442,59.17151291265925,50982005.90944169,2572461.6164229373,12.443867306145156,43596964.44553596
2009-7,61.63,0.7050238030738256,0.4998291874468199,8.40486837665103,0.4406435988198508,-9104.309037125651,2.304832376935664,1.0287709072004996,0.4945814397751699,189797917.5481869,7724279.190153912,0.5788217871313215,59.69600064695755,51083586.60973747,2571967.967960135,12.44585560013969,43625287.86657888
2009-8,61.355,0.7051106079820009,0.502486756549734,8.40223654574854,0.4435740975951859,-9151.584889714371,2.2790124389025963,0.9676854539357764,0.519129981023956,189957564.45682243,7728230.091397434,0.5750680318928113,60.00700464171841,51185167.31003325,2571474.319497333,12.447843894134223,43653611.2876218
2009-9,63.019,0.7051974128901762,0.5049257970237205,8.399604714846049,0.4517057294318006,-9303.102943424732,2.248138981864224,0.724499229322103,0.5322073984035939,190117211.36545795,7732180.992640956,0.5778898181752461,60.21097533809514,51286748.01032903,2570980.671034531,12.449832188128758,43681934.70866473
2009-10,83.067,0.7052842177983515,0.5074579867682117,8.396972883943558,0.4562242724341889,-9568.345532304107,2.217904930844287,0.7633071541231229,0.5355829324010861,190276858.27409345,7736131.893884479,0.5785426926291699,60.84567668411508,51388328.710624814,2570487.022571729,12.45182048212329,43710258.12970766
2009-11,63.231,0.7053710227065267,0.5100992124533203,8.394341053041067,0.4618168766069392,-9497.345398002251,2.177604887432468,0.7775651006383951,0.5460484315742349,190436505.18272892,7740082.795128002,0.5912075438524862,60.923856743620455,51489909.41092059,2569993.374108927,12.453808776117825,43738581.55075058
2009-12,66.15,0.7054578276147021,0.5127417125569291,8.391709222138577,0.4644167127850657,-9190.300907588446,2.124224012723041,0.6588931475137494,0.5427257627326397,190596152.09136447,7744033.696371524,0.5870573500038764,61.27898697741952,51591490.11121637,2569499.725646125,12.455797070112355,43766904.97179351
2010-1,61.815,0.7055446325228774,0.5152854527009075,8.389077391236086,0.4691088914703447,-9688.588371030834,2.0799573598611705,0.8031841697782718,0.5528867394615864,190755799.0,7747984.597615046,0.6027048817569469,61.52560616969241,51693070.81151216,2569006.077183323,12.457785364106892,43795228.39283644
2010-2,49.654,0.7056229561151235,0.517934616555934,8.388030924236382,0.4638866746250542,-9576.958631035535,2.030863470139216,0.5926900446632651,0.5359195328522104,190858600.18802968,7751204.361214897,0.5955700194878013,61.74620857211536,51779228.278678186,2567086.969194734,12.45805112194919,43811342.73596497
2010-3,72.659,0.7057012797073696,0.5205892337467963,8.386984457236679,0.4529411903376403,-9737.230041667011,1.9872203448387613,0.7585008947055016,0.5269652285318539,190961401.3760593,7754424.124814747,0.5982752954789717,62.15160272754103,51865385.745844215,2565167.861206145,12.458316879791488,43827457.07909351
2010-4,64.381,0.7057796032996159,0.5231697018083781,8.385937990236975,0.455830055988475,-10059.393149424635,1.938766300428007,0.6804934266711138,0.5365275225694347,191064202.56408903,7757643.888414597,0.5978042087664871,61.93178345343098,51951543.21301024,2563248.753217556,12.458582637633786,43843571.42222205
2010-5,63.81,0.705857926891862,0.5256478116022786,8.384891523237272,0.4519925678913392,-9786.943488370514,1.900423502203311,0.8415792375791469,0.5422255150798765,191167003.7521188,7760863.652014448,0.6184467692784309,62.38287756886664,52037700.68017627,2561329.6452289666,12.458848395476082,43859685.76535058
2010-6,63.905,0.7059362504841081,0.5281318469807759,8.383845056237568,0.4452546601697086,-9905.786117325402,1.8856666637377413,0.7475516797723416,0.526058037576734,191269804.9401484,7764083.415614299,0.5958291622572781,62.45193128474906,52123858.1473423,2559410.537240377,12.45911415331838,43875800.10847911
2010-7,64.854,0.7060145740763544,0.5307177286812801,8.382798589237865,0.4546156103614938,-10012.607609861,1.8938061232400991,0.6585535280859806,0.5522966590697518,191372606.1281781,7767303.179214149,0.5865859204975183,62.84730302601924,52210015.61450833,2557491.429251788,12.459379911160678,43891914.45160765
2010-8,62.407,0.7060928976686005,0.5340563981586586,8.38175212223816,0.4638587019783974,-10127.16701415496,1.9055306692046643,0.8571799086828237,0.5776013784579778,191475407.31620777,7770522.942813999,0.5826586136352507,63.16010400924697,52296173.08167436,2555572.321263199,12.459645669002976,43908028.79473619
2010-9,70.814,0.7061712212608466,0.5359322817237437,8.380705655238456,0.4761580018141546,-10250.239819329276,1.9300080246741709,0.9272688877681192,0.5772035539111675,191578208.50423744,7773742.706413849,0.5845130658367664,63.44263190345425,52382330.54884039,2553653.2132746098,12.459911426845274,43924143.13786472
2010-10,70.916,0.7062495448530928,0.537589089419553,8.379659188238753,0.4806927669176689,-9855.109255533838,1.9496834440674369,0.8758085186592697,0.5519922392666898,191681009.69226712,7776962.4700137,0.5851989203903505,63.72432547503355,52468488.01600642,2551734.105286021,12.46017718468757,43940257.480993256
2010-11,71.753,0.7063278684453389,0.539140741471902,8.37861272123905,0.4792117692065355,-9697.432210565865,1.9809369678190991,0.8037657062983529,0.5389303803124353,191783810.88029683,7780182.233613551,0.5889002595704534,63.79196537496108,52554645.48317245,2549814.997297432,12.460442942529868,43956371.8241218
2010-12,79.148,0.7064061920375851,0.5404585109122635,8.377566254239346,0.4797986866964565,-10050.732911371206,2.016086379686157,0.7859094411250622,0.5226303587391766,191886612.0683265,7783401.997213401,0.5859531226578283,63.96927997499525,52640802.95033848,2547895.8893088424,12.460708700372166,43972486.167250335
2011-1,71.494,0.7064845156298313,0.5425622402734283,8.376519787239642,0.485803381917484,-10517.124472033394,2.035093128055376,0.9418321282514702,0.5232972131171288,191989413.25635612,7786621.760813251,0.5868072050415946,63.83024767065222,52726960.4175045,2545976.7813202534,12.460974458214464,43988600.51037887
2011-2,64.471,0.7065298969031029,0.5448995558949521,8.621957249346284,0.4823188015534446,-10136.637212959104,2.0617197249168107,0.9643537751632691,0.5089693151224648,192095145.77648595,7788997.896079644,0.5919181218163453,63.48153927565805,52794519.26923171,2544195.5280522187,12.457134012341347,43992517.668902144
2011-3,72.246,0.7065752781763746,0.5472512822098318,8.867394711452924,0.4765888567715217,-10178.562458683811,2.079526018829988,0.8509315411312844,0.4966673062887451,192200878.2966157,7791374.031346036,0.5978188398925539,63.73781975719504,52862078.12095892,2542414.274784184,12.453293566468233,43996434.82742541
2011-4,70.211,0.7066206594496461,0.5495974585125134,9.112832173559564,0.4724763218727945,-10225.7655016099,2.095742570726438,0.9119394548460248,0.483448023435273,192306610.81674543,7793750.166612428,0.6056625101161331,63.975769941357306,52929636.97268612,2540633.021516149,12.449453120595116,44000351.98594869
2011-5,78.267,0.7066660407229178,0.5518986153236994,9.358269635666206,0.4647701832003508,-9993.389038138808,2.1045733049199136,0.981952980012904,0.4794375297414004,192412343.33687523,7796126.30187882,0.631128227052354,64.02472969177857,52997195.82441332,2538851.7682481143,12.445612674722002,44004269.14447196
2011-6,77.957,0.7067114219961894,0.5541511289721966,9.603707097772848,0.460777089427583,-9975.112230204764,2.095226448555367,0.8370840617867931,0.4943626052826666,192518075.857005,7798502.437145213,0.5950919575302004,63.81066815961904,53064754.67614053,2537070.51498008,12.441772228848883,44008186.30299524
2011-7,69.125,0.7067568032694611,0.5553949866887312,9.849144559879488,0.4586625612219078,-9903.241596764476,2.0859703688695106,0.865031119055218,0.4999529609128011,192623808.3771348,7800878.572411605,0.5975398841785342,64.01585500139373,53132313.52786773,2535289.2617120445,12.43793178297577,44012103.46151851
2011-8,91.194,0.7068021845427327,0.557508574428362,10.094582021986128,0.4606629482097047,-9768.231853083638,2.087218082990609,0.8749809524957644,0.5104707470584671,192729540.8972645,7803254.707677998,0.5950647433019467,64.24432141679037,53199872.37959494,2533508.00844401,12.434091337102654,44016020.62004178
2011-9,86.092,0.7068475658160043,0.5596518768340483,10.34001948409277,0.4606035369977562,-9679.164240091171,2.075344728788324,1.051632929733649,0.5256001504469264,192835273.4173943,7805630.84294439,0.6015952884327453,64.16328706526123,53267431.23132215,2531726.755175975,12.430250891229536,44019937.77856506
2011-10,98.275,0.706892947089276,0.5620748580546673,10.585456946199413,0.4616014514378777,-9537.77691961498,2.077328519541877,0.8454056053728413,0.5230163290600557,192941005.93752408,7808006.978210783,0.6045280531318781,64.20008934540748,53334990.08304935,2529945.5019079405,12.426410445356424,44023854.937088326
2011-11,81.922,0.7069383283625476,0.564495610529901,10.830894408306053,0.4639560877440755,-9968.453886702957,2.074663694821419,0.9095885485065074,0.5203108881755449,193046738.45765385,7810383.113477174,0.6075073462033619,64.28005695073998,53402548.93477655,2528164.248639906,12.422569999483306,44027772.0956116
2011-12,86.757,0.7069837096358192,0.5668914553886067,11.076331870412693,0.4721630104203435,-9986.589161982563,2.076644486808949,0.9509558872325296,0.5250917546367961,193152470.9777836,7812759.248743567,0.5951869340064411,64.29167328149752,53470107.78650376,2526382.9953718707,12.418729553610191,44031689.25413487
2012-1,81.889,0.7070290909090908,0.5692822664668042,11.321769332519333,0.4733415062904513,-10404.150759011012,2.0905714352596823,0.7067068004037954,0.5361604483491258,193258203.49791336,7815135.384009959,0.6110671295983301,63.92958524688687,53537666.638230965,2524601.742103836,12.414889107737077,44035606.41265815
2012-2,78.002,0.707140404040404,0.5718740381763123,11.37903193203245,0.476080947409229,-9928.241624071832,2.1011962123086314,0.7404291834197307,0.547043585265198,193353913.43027985,7816645.273799296,0.5998092162889704,63.674931758666354,53604834.16622554,2523143.18702551,12.413156654526484,44045515.97753249
2012-3,81.959,0.7072517171717171,0.5744646386175446,11.436294531545569,0.4859216468538039,-9880.218215766452,2.117529533577395,0.8195461604428426,0.5760461169470958,193449623.3626464,7818155.163588634,0.5994875672440965,63.425994914077,53672001.69422011,2521684.631947184,12.411424201315896,44055425.54240684
2012-4,61.107,0.7073630303030303,0.5770539325944986,11.493557131058688,0.495982472496991,-10098.092464217463,2.1289644149802243,0.6810678508344918,0.5748028697718967,193545333.2950128,7819665.053377971,0.6070633278923643,63.12312011905004,53739169.22221469,2520226.0768688577,12.409691748105306,44065335.10728119
2012-5,97.398,0.7074743434343433,0.5796189168962562,11.550819730571805,0.4931284401808382,-9610.545103294866,2.157948049971086,0.5439273938364722,0.5455839993066408,193641043.2273793,7821174.943167307,0.6337829017520761,63.29068034254664,53806336.75020926,2518767.521790532,12.407959294894717,44075244.67215553
2012-6,70.266,0.7075856565656565,0.5821856741471537,11.608082330084924,0.4947842743091953,-9553.334932170872,2.190346510129612,0.5485345391500699,0.5142239683724931,193736753.15974572,7822684.832956645,0.6091979248637831,62.85793112801533,53873504.27820383,2517308.9667122057,12.406226841684129,44085154.23702988
2012-7,97.903,0.7076969696969697,0.5847541195995287,11.665344929598042,0.4943665113324502,-9513.302050841186,2.214523649851895,0.5506897392060969,0.4886763343071003,193832463.09211224,7824194.722745982,0.6098789200190179,62.72841800528314,53940671.8061984,2515850.41163388,12.404494388473536,44095063.801904224
2012-8,84.966,0.7078082828282828,0.5873222092101053,11.72260752911116,0.4915042848216534,-9248.591121065274,2.219844415701115,0.6454078839920825,0.4575820419650054,193928173.0244788,7825704.612535319,0.5983134710296607,62.253649506317686,54007839.33419298,2514391.8565555536,12.402761935262948,44104973.36677857
2012-9,95.924,0.707919595959596,0.5891235522927878,11.779870128624278,0.495333786512332,-8953.98283753283,2.23523857379288,0.7409720966684825,0.4292143004039244,194023882.9568452,7827214.502324657,0.5963880599560772,61.89130553687016,54075006.86218755,2512933.301477228,12.401029482052358,44114882.93165292
2012-10,87.178,0.708030909090909,0.591678476181952,11.837132728137396,0.4926639045673969,-8835.504327700251,2.2363657278565263,0.6128687011734038,0.420275744209899,194119592.8892117,7828724.392113993,0.5956099986115735,61.48668604833928,54142174.39018212,2511474.7463989016,12.399297028841769,44124792.49652726
2012-11,79.674,0.7081422222222222,0.5942517289730214,11.894395327650514,0.4912755604377996,-8581.940757744464,2.249359243852222,0.8852303174292789,0.44717948920874,194215302.8215782,7830234.28190333,0.6005163471467005,61.10155754691987,54209341.918176696,2510016.191320576,12.39756457563118,44134702.061401606
2012-12,78.666,0.7082535353535353,0.5967233817791667,11.951657927163632,0.4951952296466009,-8544.01174850321,2.257490310710041,0.6836336087568325,0.4479600832678483,194311012.75394467,7831744.1716926675,0.5956513693421339,60.8008495154438,54276509.44617127,2508557.636242249,12.39583212242059,44144611.62627596
2013-1,77.124,0.7083648484848485,0.5992185832254301,12.00892052667675,0.5046931182782365,-8401.94723497529,2.2677230439962424,0.6001335188895731,0.4466402817276171,194406722.6863112,7833254.061482005,0.6113594968254873,60.18602615329552,54343676.97416584,2507099.0811639237,12.39409966921,44154521.1911503
2013-2,62.791,0.7084090488215489,0.6009054473673076,12.05902855103461,0.5124255618774355,-7683.858924014924,2.2834910014644234,0.7074393944091001,0.44956565047477,194494304.85081053,7833744.844245157,0.6049217884945463,59.84562279871391,54387626.106129065,2504214.7540124888,12.391184365623152,44152330.785641775
2013-3,109.019,0.7084532491582491,0.6024769961728658,12.10913657539247,0.5277338631085374,-7874.357530363,2.30250674180213,0.7231039597573724,0.4689655756860415,194581887.01530987,7834235.627008309,0.6055953327124688,59.70725365778501,54431575.23809228,2501330.426861054,12.388269062036304,44150140.38013326
2013-4,77.024,0.7084974494949494,0.6040326229884381,12.159244599750329,0.5336755979317418,-7983.55089917278,2.328894103495439,0.7189617973484183,0.4808492138370067,194669469.17980924,7834726.409771461,0.6049377101169569,59.09371557412359,54475524.3700555,2498446.099709619,12.385353758449456,44147949.97462473
2013-5,76.369,0.7085416498316498,0.6055721161410079,12.209352624108186,0.5388021137696795,-7615.094274633246,2.34263188987848,0.7142694802829325,0.4901839320084706,194757051.34430856,7835217.192534613,0.6092086325659531,58.48984857537537,54519473.50201872,2495561.7725581843,12.382438454862609,44145759.56911621
2013-6,115.12,0.7085858501683502,0.6070960651372795,12.259460648466046,0.5488843980670126,-7352.877238643337,2.363408595693961,0.6063186036765393,0.4977501851159618,194844633.508808,7835707.975297765,0.6003939469641899,58.15444167212517,54563422.63398194,2492677.44540675,12.37952315127576,44143569.16360769
2013-7,97.534,0.7086300505050505,0.6086051454671793,12.309568672823906,0.5580294451821031,-7192.841626570655,2.393575578288626,0.6146829914853935,0.4941458500105189,194932215.6733073,7836198.758060917,0.588257252871006,58.00479040270108,54607371.76594516,2489793.118255315,12.37660784768891,44141378.75809917
2013-8,75.82,0.7086742508417507,0.6111196385034741,12.359676697181763,0.5639348917935356,-6960.548770036087,2.4314858886849344,0.7815049760427922,0.4993334599921049,195019797.83780667,7836689.54082407,0.590312709374934,57.50492552750912,54651320.897908375,2486908.79110388,12.37369254410206,44139188.35259064
2013-9,63.07,0.7087184511784511,0.6127851704233743,12.409784721539625,0.5721649314585118,-6847.000952014708,2.4711648234950228,0.804220606343285,0.518698005154016,195107380.00230604,7837180.323587221,0.5883789943968316,56.67591861431679,54695270.0298716,2484024.4639524454,12.370777240515212,44136997.94708212
2013-10,116.893,0.7087626515151515,0.614359319272136,12.459892745897484,0.584033531345466,-6919.499864502943,2.512916253999241,0.5493947941730588,0.5267204103521198,195194962.1668054,7837671.106350373,0.586680702681813,56.28571575963278,54739219.16183482,2481140.136801011,12.367861936928366,44134807.5415736
2013-11,101.635,0.7088068518518518,0.6156304307255538,12.510000770255342,0.5955117370578658,-6561.5305368475965,2.551397636335105,0.492337346751902,0.5382245752764477,195282544.3313048,7838161.889113526,0.5879491241011995,55.75901017624964,54783168.29379804,2478255.809649576,12.364946633341518,44132617.13606507
2013-12,64.207,0.708851052188552,0.6168780801173018,12.560108794613202,0.6067679747989635,-4496.194346034222,2.592147308610895,0.6011934181917633,0.5418554668499356,195370126.4958041,7838652.671876677,0.5824479358950329,55.01874741408801,54827117.42576125,2475371.482498141,12.362031329754668,44130426.73055656
2014-1,80.43,0.7088952525252524,0.6181022969484996,12.61021681897106,0.6166578720311803,-4791.082206933234,2.625524917219098,0.8458265355767571,0.559340440568571,195457708.66030347,7839143.45463983,0.5881063236886775,54.436229393470335,54871066.55772448,2472487.1553467065,12.35911602616782,44128236.32504803
2014-2,63.088,0.7089153584455667,0.6193027057338404,12.654311722343316,0.6267255529646644,-3998.777950768382,2.657054580116229,0.8449975925961759,0.5677726853077433,195539057.87683183,7838649.955390375,0.5806989603027664,54.05783262678252,54904858.67105501,2470362.903008989,12.357201929615217,44127083.734065525
2014-3,67.41899999999998,0.708935464365881,0.6202706377248104,12.69840662571557,0.6244938102208978,-3922.007671721373,2.686153730479649,0.9519917340746724,0.5596242995943259,195620407.09336025,7838156.45614092,0.586635485690803,53.71685684274991,54938650.784385525,2468238.650671272,12.355287833062617,44125931.14308303
2014-4,71.75,0.7089555702861952,0.6212054540331219,12.742501529087823,0.6209952829426753,-3994.229497353106,2.7114317753143893,0.7872261937543699,0.5364320176075347,195701756.30988863,7837662.956891467,0.591883402393797,53.37400271301438,54972442.89771605,2466114.3983335546,12.353373736510012,44124778.552100524
2014-5,71.75,0.7089756762065095,0.6222085463073794,12.78659643246008,0.6257914627476894,-3354.8084163966905,2.7478086602191683,0.7628605212524775,0.5495264900123437,195783105.52641705,7837169.457642012,0.5752470773836221,53.03033267848887,55006235.01104657,2463990.1459958376,12.351459639957408,44123625.96111802
2014-6,71.75,0.7089957821268238,0.6154083346627086,12.830691335832334,0.6262539734123189,-3377.357259521218,2.7716833665507616,0.8204530479465566,0.5920559285981742,195864454.74294543,7836675.958392558,0.5716034891312047,52.67622937339148,55040027.1243771,2461865.89365812,12.349545543404805,44122473.37013552
2014-7,71.75,0.709015888047138,0.6122618583466994,12.874786239204589,0.6313860080878928,-3216.635878446735,2.7882412615797647,0.8622866555215983,0.5985422951333923,195945803.95947385,7836182.459143104,0.5673668679938052,52.32373108685396,55073819.23770763,2459741.6413204027,12.3476314468522,44121320.77915302
2014-8,71.75,0.7090359939674522,0.6089987509741928,12.918881142576844,0.6429578345522896,-2885.616364724399,2.799745702635436,0.9441698267557116,0.620784457599235,196027153.17600223,7835688.959893649,0.5571115199932906,51.966682082687775,55107611.35103815,2457617.3889826857,12.3457173502996,44120168.18817052
2014-9,71.75,0.7090560998877665,0.6056166395816232,12.962976045949098,0.6425793355672005,-2848.963410513361,2.808315116654504,0.859855655660007,0.6235028742448315,196108502.39253065,7835195.460644195,0.5613727046660177,51.61203551719096,55141403.46436868,2455493.1366449683,12.343803253746996,44119015.59718802
2014-10,71.75,0.7090762058080808,0.6021287434038443,13.007070949321353,0.6392578161601571,-3907.107095676229,2.804908515488413,0.9527685333529272,0.6297128451395438,196189851.609059,7834701.96139474,0.561882595374384,51.25754604157067,55175195.5776992,2453368.884307252,12.341889157194393,44117863.00620552
2014-11,71.75,0.709096311728395,0.5985175243675562,13.051165852693607,0.6373515694579686,-3227.51837665533,2.795899184623759,0.903484686433327,0.6229666635258632,196271200.8255874,7834208.462145286,0.5609901993899514,50.90407962743837,55208987.69102973,2451244.631969534,12.339975060641793,44116710.41522301
2014-12,71.75,0.7091164176487093,0.594780091620506,13.095260756065862,0.6360469982134822,-1917.4317974494293,2.78399183647624,0.8145209650102684,0.620227626267029,196352550.0421158,7833714.962895832,0.5583468086194056,50.55125937835274,55242779.80436025,2449120.379631817,12.338060964089188,44115557.82424051
2015-1,69.33299999999997,0.7091365235690236,0.5909159428417579,13.139355659438117,0.6307582587964796,-2616.8997576320057,2.7629000308796305,1.0536605772588818,0.6247636985731346,196433899.2586442,7833221.463646377,0.5643201849311866,50.19737561462202,55276571.91769078,2446996.1272940994,12.336146867536584,44114405.23325801
2015-2,66.916,0.7094617050556066,0.5869220114053563,13.149706086639116,0.6147595881948112,-1862.845727482143,2.731373030611945,0.9343924255717088,0.6159498907536554,196510910.34709772,7832032.576236982,0.5578499948925274,49.79442181354122,55305188.24726432,2446136.447337611,12.336387317715728,44118778.88575692
2015-3,66.916,0.7097868865421896,0.5828162269979695,13.160056513840118,0.5970521193441455,-1788.67566224678,2.690513480186384,1.0502918609744532,0.6007740589226123,196587921.43555132,7830843.688827586,0.5538281215537108,49.505918586438575,55333804.57683786,2445276.767381123,12.33662776789487,44123152.53825582
2015-4,66.916,0.7101120680287726,0.5785945786474614,13.17040694104112,0.5743851449816068,-1983.071950652572,2.644962597296267,1.1781201483239936,0.5534640279682566,196664932.5240049,7829654.801418191,0.5397104233667973,49.17362953250439,55362420.9064114,2444417.0874246345,12.336868218074011,44127526.19075473
2015-5,66.916,0.7104372495153556,0.5742550267221354,13.18075736824212,0.5670526867581346,-1293.4323802746076,2.593045627781998,0.981061434687602,0.5257622894811392,196741943.61245853,7828465.914008795,0.5418486420045491,48.9019298173693,55391037.235984944,2443557.407468146,12.337108668253157,44131899.84325364
2015-6,66.916,0.7107624310019386,0.5697995759176686,13.19110779544312,0.5478333106966745,-1067.0845865121862,2.546115295902478,1.0942617674036763,0.4987332763683365,196818954.7009121,7827277.0265994,0.5400657850543165,48.72430756866363,55419653.565558486,2442697.727511658,12.337349118432298,44136273.495752536
2015-7,66.916,0.7110876124885216,0.5652220965458398,13.20145822264412,0.5365873701380962,-977.4173895299176,2.494946044886325,0.8220034096531711,0.4787533394551196,196895965.7893657,7826088.139190003,0.5074060266479925,48.55032640620232,55448269.89513204,2441838.0475551696,12.337589568611442,44140647.14825144
2015-8,66.916,0.7114127939751046,0.560520401669894,13.21180864984512,0.5273742665657696,-1005.6966908148006,2.438647482980156,1.1021464711143305,0.471500431076438,196972976.8778193,7824899.251780608,0.5018784506026249,48.39641256370818,55476886.22470558,2440978.367598681,12.337830018790584,44145020.80075035
2015-9,66.916,0.7117379754616876,0.5556224580610455,13.222159077046122,0.5254036415611213,-1039.1595055245705,2.375528331843324,0.9550162189144316,0.4754222059965265,197049987.9662729,7823710.364371212,0.4892573432807409,48.190877896808445,55505502.55427912,2440118.687642193,12.338070468969727,44149394.45324925
2015-10,66.916,0.7120631569482706,0.5518028108699776,13.232509504247124,0.5220003499305623,-1243.715598453343,2.3072500360953296,1.155559718430175,0.4476002509116798,197126999.05472648,7822521.476961817,0.4890711871355146,48.09540651190304,55534118.88385266,2439259.0076857046,12.338310919148867,44153768.10574816
2015-11,66.916,0.7123883384348536,0.5475506372291172,13.242859931448123,0.5097139584731153,-1329.2467358809024,2.2426446030768825,1.0277227053462428,0.4263937170455484,197204010.14318004,7821332.589552421,0.4860587480427329,48.06551390334878,55562735.2134262,2438399.3277292163,12.338551369328012,44158141.75824707
2015-12,66.916,0.7127135199214366,0.5431857434842919,13.253210358649124,0.4963303303387326,-1107.7866583101536,2.1904251534185515,1.1001608888830354,0.4149277811632851,197281021.23163363,7820143.702143026,0.4784691485313357,48.0313037753304,55591351.542999744,2437539.647772728,12.338791819507154,44162515.41074597
2016-1,59.207999999999856,0.7130387014080196,0.5392328386550468,13.263560785850125,0.4804030314721972,-3390.8754810096625,2.1483491910676875,1.101655259880485,0.4151945630880473,197358032.3200872,7818954.81473363,0.4806328467484032,47.36698510048695,55619967.87257329,2436679.96781624,12.339032269686298,44166889.06324488
2016-2,51.5,0.7130541461156561,0.535174278281711,13.226686745390658,0.4582345653383405,-2667.741466194896,2.1171823395135774,0.998076311715314,0.3840895451802815,197432600.1003621,7817259.857969137,0.4731333880353363,46.55090781170887,55635929.69183261,2436308.9000810683,12.340636148539788,44173650.37819468
2016-3,51.5,0.7130695908232927,0.5308655348643208,13.18981270493119,0.4382653615092318,-2859.062558346457,2.0931033141951554,1.050583032622211,0.3756470321164557,197507167.8806371,7815564.901204644,0.4648157232951847,45.87052334026421,55651891.511091925,2435937.8323458973,12.342240027393276,44180411.69314447
2016-4,51.5,0.7130850355309292,0.5274082878671679,13.152938664471725,0.4301790666375651,-3169.352453991868,2.072428815903636,1.0407778297845294,0.3820964756373156,197581735.66091204,7813869.944440151,0.455186748552417,45.22340866237092,55667853.33035125,2435566.764610726,12.343843906246766,44187173.00809426
2016-5,51.5,0.7131004802385656,0.5229961008025565,13.116064624012257,0.4219991438558282,-2883.308840862046,2.0559185514258647,1.10315093973575,0.4050692196787397,197656303.44118696,7812174.9876756575,0.4458664086781032,44.61768925025866,55683815.14961056,2435195.696875555,12.345447785100257,44193934.32304405
2016-6,51.5,0.7131159249462022,0.5183713570167439,13.07919058355279,0.4276360353070148,-2975.6400740144,2.0383289573688583,1.208212978764004,0.4092639692637682,197730871.2214619,7810480.030911164,0.4613892521739088,44.04312451557175,55699776.96886989,2434824.629140384,12.347051663953746,44200695.63799385
2016-7,51.5,0.7131313696538387,0.5216073370647853,13.042316543093325,0.423174444733437,-3206.2407436979347,2.0315258061610644,1.0298165732903195,0.3812478068283722,197805439.0017368,7808785.074146671,0.4322012065217192,43.46984890622849,55715738.78812921,2434453.5614052126,12.348655542807236,44207456.95294364
2016-8,51.5,0.7131468143614752,0.5217776529569912,13.005442502633857,0.406476249562938,-3149.757781764285,2.0305724295198666,1.1556768697997215,0.3986499601282697,197880006.78201172,7807090.117382177,0.4225039481243295,42.95052944481631,55731700.607388526,2434082.493670041,12.350259421660724,44214218.26789343
2016-9,51.5,0.7131622590691118,0.5225282427933748,12.96856846217439,0.4024664212978491,-3439.0590351732635,2.04589542394608,1.103150436494035,0.4218717050778418,197954574.5622867,7805395.160617684,0.418532365024963,42.47501321022418,55747662.42664785,2433711.42593487,12.351863300514214,44220979.58284323
2016-10,51.5,0.7131777037767483,0.5236366428589209,12.931694421714925,0.405117178149495,-3965.9673132275466,2.0672746138908056,1.1145072852531863,0.4224506608091278,198029142.34256163,7803700.203853191,0.4160254193180028,41.978410422618445,55763624.245907165,2433340.358199699,12.353467179367705,44227740.89779303
2016-11,51.5,0.7131931484843848,0.5250429265212693,12.894820381255457,0.3907469610472366,-2953.9693584836964,2.086506575082691,1.15568180602626,0.3923024529656499,198103710.1228366,7802005.247088698,0.4114160891944031,41.55561406887889,55779586.06516649,2432969.2904645274,12.355071058221194,44234502.21274282
2016-12,56.39350000000002,0.7132085931920213,0.5265516081978757,12.857946340795989,0.3851019690388544,-2879.5516234189686,2.094478154479812,1.0506184491036612,0.377390938464421,198178277.90311152,7800310.290324205,0.4077513114353103,41.02117074844182,55795547.88442581,2432598.2227293565,12.356674937074684,44241263.52769261
2017-1,61.287,0.7132240378996578,0.5282898024137405,12.821072300336525,0.3803888051781477,-5075.622232112225,2.0938758344390687,0.7810959396630986,0.3569248836113066,198252845.68338645,7798615.333559711,0.4075350767989002,40.48166631576142,55811509.70368513,2432227.154994185,12.358278815928172,44248024.8426424
2017-2,44.068,0.713112098792837,0.5300198811805156,12.807839096484695,0.3762996326553245,-4201.060854040392,2.101650850838241,0.8250449919080073,0.3681934792243305,198326864.97537887,7796393.517478655,0.3978047684696698,39.90203959537651,55814848.66004176,2432973.35360611,12.360220673593115,44253014.06020896
2017-3,62.847,0.7130001596860163,0.5313198377065391,12.794605892632871,0.3800045315218657,-4604.7344280517855,2.113289173700002,0.8524307741146059,0.3837494708257729,198400884.26737133,7794171.701397599,0.3875997638487952,39.39092975418947,55818187.6163984,2433719.552218036,12.36216253125806,44258003.277775526
2017-4,30.374,0.7128882205791955,0.5317423603740611,12.781372688781046,0.3821056011581457,-5041.93583143556,2.127631534792117,0.7995101208234832,0.4054428465788985,198474903.55936372,7791949.885316542,0.3886971443037969,38.81582794128644,55821526.57275503,2434465.75082996,12.364104388923003,44262992.49534208
2017-5,60.003,0.7127762814723747,0.5327698661235835,12.76813948492922,0.3779774472025649,-4656.590400431132,2.144624778414481,0.6463345560938362,0.435891393897483,198548922.8513562,7789728.069235486,0.3866356488127153,38.28301566391464,55824865.52911166,2435211.949441885,12.366046246587947,44267981.71290865
2017-6,81.014,0.7126643423655539,0.5339069036623885,12.754906281077394,0.3679963198646961,-5068.400972271061,2.162820271284532,1.0790560442164825,0.4573226001100615,198622942.14334863,7787506.25315443,0.388570077523086,37.671445987313525,55828204.4854683,2435958.1480538105,12.367988104252891,44272970.930475205
2017-7,64.862,0.7125524032587331,0.5351539919837093,12.74167307722557,0.3728976057660844,-5595.499878102875,2.1827530258841654,0.6368105713319717,0.4758652393700967,198696961.4353411,7785284.437073373,0.3783354712469384,37.03224473055128,55831543.44182493,2436704.346665736,12.369929961917835,44277960.14804177
2017-8,49.885,0.7124404641519124,0.5365199490334619,12.728439873373745,0.366903937105431,-5783.316459502323,2.20699398468004,0.545066944551691,0.4715205842663207,198770980.72733355,7783062.620992317,0.3781503578714068,36.4871614310482,55834882.398181565,2437450.54527766,12.37187181958278,44282949.36560833
2017-9,53.13,0.7123285250450916,0.538009735714351,12.71520666952192,0.3589351548715466,-6001.730740495946,2.2153275867555475,0.78290954919478,0.4768271180048898,198845000.019326,7780840.8049112605,0.3776661110809737,35.825482836504115,55838221.3545382,2438196.7438895856,12.373813677247725,44287938.58317488
2017-10,57.796,0.7122165859382708,0.5396788638297245,12.701973465670092,0.3543133490207389,-6454.887704474953,2.232466347059879,0.909681615738396,0.4754272182499585,198919019.3113184,7778618.988830204,0.3778377185871009,35.24163803935505,55841560.31089483,2438942.9425015105,12.375755534912669,44292927.80074145
2017-11,47.026,0.71210464683145,0.5402477628697193,12.688740261818268,0.3527279000225793,-6243.191420924375,2.263185047283645,1.0506140089810427,0.491301237991556,198993038.60331085,7776397.172749148,0.370057443718766,34.63090807052754,55844899.26725147,2439689.1411134354,12.377697392577613,44297917.018308006
2017-12,74.919,0.7119927077246293,0.5412375001276908,12.675507057966442,0.3672792049521601,-5909.074373680363,2.284012403287865,0.571256581329347,0.5118095547455561,199067057.8953033,7774175.356668091,0.3656492538346034,33.903079380061804,55848238.2236081,2440435.3397253607,12.379639250242557,44302906.23587457
2018-1,34.733,0.7118807686178085,0.5420303931204132,12.662273854114616,0.359951630964679,-7507.112082157307,2.294901938999484,0.4677947795212472,0.5005214276758065,199141077.18729573,7771953.540587035,0.3696733376163027,33.59374826995428,55851577.179964736,2441181.5383372856,12.3815811079075,44307895.45344113
2018-2,15.022,0.711834410804307,0.5423936085176656,12.655098005215509,0.3566771125869745,-6365.607522997055,2.2942193420185,0.5842783280443261,0.4906301391980058,199211473.5675211,7769100.068513057,0.3678170211034027,33.918988334637284,55830460.04151445,2442617.054636381,12.382052375869256,44306585.41707421
2018-3,20.879,0.7117880529908056,0.5431531866857463,12.6479221563164,0.3495024706940896,-6480.507442523628,2.2880364237022737,0.5418064917506906,0.5232126003004083,199281869.9477465,7766246.596439078,0.3683207687170368,34.37309201877868,55809342.90306416,2444052.5709354766,12.382523643831014,44305275.3807073
2018-4,36.409,0.7117416951773041,0.5441590571310815,12.640746307417292,0.3395277178203111,-5470.865705466022,2.2785452626718063,0.5299240735031111,0.515815979242938,199352266.32797185,7763393.124365101,0.3659433206644214,34.60094035915653,55788225.764613874,2445488.087234572,12.382994911792771,44303965.344340384
2018-5,22.277,0.7116953373638026,0.5442968279323859,12.633570458518182,0.3254327923342447,-3673.4527105981465,2.263363965667075,0.5184624540086805,0.52140209156142,199422662.70819715,7760539.652291123,0.3622852915238501,34.91854304684603,55767108.62616359,2446923.6035336675,12.38346617975453,44302655.307973474
2018-6,20.529,0.7116489795503013,0.5453927611391172,12.626394609619076,0.3206049076093145,-748.3523814090865,2.2443322394271,0.4924018064984997,0.5229599052733115,199493059.0884225,7757686.180217145,0.3628244523982531,35.676968634531484,55745991.4877133,2448359.119832763,12.383937447716288,44301345.27160656
2018-7,37.061,0.7116026217367998,0.5468095244885534,12.619218760719969,0.3000532519420144,680.1816531338795,2.2152710819180843,0.5175037746548349,0.5428312509061592,199563455.46864787,7754832.708143167,0.3648945585252806,35.96372055532658,55724874.34926301,2449794.6361318585,12.384408715678044,44300035.23523964
2018-8,23.387,0.7115562639232983,0.5505360997420995,12.612042911820858,0.2957038398442303,2763.919661232488,2.182490373260064,0.5663143037004692,0.6161288722138691,199633851.84887323,7751979.236069188,0.3657658514233124,36.30586079306328,55703757.21081273,2451230.152430953,12.384879983639802,44298725.19887273
2018-9,38.399,0.7115099061097969,0.5541311700846528,12.60486706292175,0.308341137605073,4007.361037620176,2.152733596601701,0.541645975717225,0.6740366051135752,199704248.2290986,7749125.763995211,0.3852201759804345,36.66650020833362,55682640.072362445,2452665.668730049,12.38535125160156,44297415.16250581
2018-10,39.652,0.7114635482962954,0.558518984927332,12.59769121402264,0.3141753154888939,4174.914508493512,2.10797519196202,0.4924006386818098,0.7177542561347128,199774644.60932392,7746272.291921233,0.4151525802856482,36.98099994298892,55661522.93391216,2454101.1850291444,12.385822519563316,44296105.1261389
2018-11,40.204,0.711417190482794,0.5631084204797485,12.590515365123531,0.3212989509448,5007.894545671494,2.054724183351228,0.5213270862341408,0.7723522886923776,199845040.98954928,7743418.819847254,0.4341143590809063,37.31846095360872,55640405.79546187,2455536.70132824,12.386293787525071,44294795.08977199
2018-12,21.625,0.7113708326692926,0.5679668999482889,12.583339516224424,0.3517183793100564,6196.877278409354,2.0126469916832392,0.4659682830233899,0.8188839179929231,199915437.36977464,7740565.347773276,0.4462102421398145,37.4443966043175,55619288.65701158,2456972.217627336,12.386765055486832,44293485.05340508
2019-1,42.731,0.7113244748557911,0.5728937426370728,12.576163667325316,0.3530778978870197,4628.979909058911,1.984242274075146,0.4726719624590187,0.8964654073710557,199985833.75,7737711.875699298,0.4625053223582739,37.49625835647822,55598171.518561296,2458407.733926431,12.387236323448588,44292175.01703816
2019-2,36.026,0.7112132966350017,0.577763210804896,12.564839753898095,0.363540940595364,5916.697911939956,1.962208936108535,0.3842518567336596,0.9613539894886018,200071297.0347222,7733993.9752234975,0.492198592675812,37.58082145934999,55547584.88892964,2459883.844864993,12.38684100703668,44283316.4085817
2019-3,34.609,0.7111021184142121,0.5824110338584547,12.553515840470876,0.3734846407574057,5520.432988796697,1.9416080807058884,0.4924000719487673,0.9922348162286888,200156760.31944445,7730276.074747696,0.518818874802468,37.69483741575761,55496998.25929797,2461359.9558035545,12.386445690624768,44274457.80012523
2019-4,40.787,0.7109909401934227,0.587265956228902,12.542191927043657,0.3643719899254779,5055.185180977277,1.9170839767672327,0.5416400033512607,1.0281222722573198,200242223.6041667,7726558.174271896,0.5335376321688695,37.88738655170798,55446411.62966631,2462836.0667421166,12.386050374212855,44265599.19166877
2019-5,39.823,0.7108797619726333,0.5930929683892049,12.530868013616436,0.3693162019411377,5539.336630210192,1.896664638848358,0.4591651631549122,1.0918504238017774,200327686.8888889,7722840.273796095,0.5740445809008098,38.19788774783903,55395825.000034645,2464312.1776806787,12.385655057800948,44256740.5832123
2019-6,39.957,0.7107685837518437,0.5977975214966665,12.519544100189217,0.3773027071398842,6184.950447162058,1.8758899421225184,0.5069460202278294,1.0993189754324773,200413150.1736111,7719122.373320294,0.6213386407393423,38.64888513730688,55345238.37040298,2465788.2886192407,12.38525974138904,44247881.97475584
2019-7,52.048,0.7106574055310543,0.6027748810443049,12.508220186761996,0.3968803885128472,6076.306190415794,1.8584015680579875,0.5416402379990359,1.129155636153343,200498613.4583333,7715404.472844493,0.6254767746825313,39.17107777302103,55294651.74077132,2467264.399557803,12.384864424977128,44239023.366299376
2019-8,53.567,0.7105462273102648,0.6092569400047252,12.496896273334777,0.4112473840791077,6518.883661201889,1.8368841913676568,0.5528454811903901,1.1398350320060624,200584076.7430556,7711686.572368692,0.6280714951608086,39.4555437534796,55244065.11113966,2468740.5104963644,12.384469108565217,44230164.757842906
2019-9,46.239,0.7104350490894753,0.6154352459429143,12.485572359907556,0.4335809238132643,6534.19896978769,1.8140248078306704,0.5170200097356242,1.1526577758374856,200669540.0277778,7707968.671892891,0.6350086612279392,39.1804903314884,55193478.481508,2470216.6214349265,12.384073792153307,44221306.14938644
2019-10,51.066,0.7103238708686859,0.622117399212885,12.474248446480336,0.4614308374651361,6135.62651489552,1.8103247511179177,0.4677800246949096,1.1888992178340692,200755003.3125,7704250.77141709,0.6484238153125712,39.69477619873298,55142891.85187633,2471692.7323734886,12.383678475741398,44212447.54092998
2019-11,51.684,0.7102126926478964,0.6285385938125413,12.462924533053116,0.4809638474333891,6503.475784678591,1.810689208343592,0.4677418581264003,1.1803986463970102,200840466.59722224,7700532.870941289,0.6639459805518665,39.86600350810804,55092305.22224467,2473168.84331205,12.383283159329489,44203588.93247351
2019-12,44.907,0.7101015144271069,0.6350792230154559,12.451600619625896,0.4880707035029974,6710.139809282732,1.7951280687733866,0.3766537864405559,1.202625124119571,200925929.88194448,7696814.970465488,0.6762702364056034,40.01914831295662,55041718.59261301,2474644.9542506123,12.382887842917576,44194730.32401705
2020-1,45.294,0.7099903362063175,0.640990278584594,12.440276706198675,0.4780868565346471,4984.273772200346,1.7837222660281933,0.2398557382708152,1.2222336051272034,201011393.1666667,7693097.069989687,0.6928135217641951,40.22074155648509,54991131.96298135,2476121.0651891744,12.382492526505668,44185871.715560585
2020-2,39.968,0.7098614751169714,0.6471935415532507,12.424848920328737,0.4968243101177078,6490.848993717848,1.7763512522940854,0.2942875310275005,1.2657379352792728,201096856.4513889,7688496.775112735,0.6994082193998664,40.0954557051898,54910281.04847225,2477024.2148287464,12.383685689064675,44174970.198332585
2020-3,37.103,0.7097326140276253,0.6535159891662219,12.409421134458793,0.5276436406795595,6329.11280018142,1.7700682300548114,0.2104204358004741,1.3297197270360337,201182319.7361112,7683896.480235783,0.7169917132426514,40.01185299846638,54829430.133963145,2477927.3644683184,12.384878851623684,44164068.68110459
2020-4,30.464,0.7096037529382793,0.6600540055433745,12.393993348588848,0.5514832563935487,5438.685662277439,1.7717423485518018,0.1578407014561246,1.3210770153367604,201267783.0208333,7679296.185358832,0.7381890794574598,39.95109301846,54748579.21945405,2478830.5141078904,12.386072014182696,44153167.16387659
2020-5,42.023,0.7094748918489332,0.6671130861232172,12.378565562718906,0.571727246976676,4325.890384068123,1.7713994319371078,0.2754963631200595,1.3505721385223486,201353246.3055556,7674695.890481881,0.7878267480042566,39.93299409313967,54667728.30494495,2479733.6637474624,12.387265176741703,44142265.64664859
2020-6,46.489,0.7093460307595871,0.6741093362903772,12.363137776848964,0.5981822358469298,1859.7867737551896,1.7727879108405782,0.3347220846311685,1.3583103027460413,201438709.5902778,7670095.595604929,0.8361031042589587,39.88326860428851,54586877.390435845,2480636.8133870345,12.388458339300712,44131364.1294206
2020-7,54.682,0.709217169670241,0.6814300827220354,12.34770999097902,0.5846634058109625,-1737.9750802210497,1.776429863318404,0.2004611697409919,1.334950106776097,201524172.875,7665495.300727977,0.856374097154075,39.348050236324376,54506026.47592674,2481539.9630266065,12.38965150185972,44120462.6121926
2020-8,62.126,0.7090883085808949,0.6889733594206778,12.332282205109076,0.5757778987470635,-2734.252564575232,1.7880861649796354,0.1644387410398967,1.2921362058754833,201609636.15972224,7660895.005851026,0.8443634754934383,39.37119982165086,54425175.56141764,2482443.112666178,12.39084466441873,44109561.0949646
2020-9,67.521,0.7089594474915488,0.6949169769651387,12.316854419239135,0.5706773693369174,-5200.964446734573,1.8026901607290144,0.1497039821422163,1.2020547228889855,201695099.44444445,7656294.710974074,0.8412736310867062,39.356227148764894,54344324.64690854,2483346.26230575,12.392037826977738,44098659.57773661
2020-10,61.319,0.7088305864022028,0.7010758709831079,12.301426633369193,0.5750107618212407,-7513.441905598956,1.8088117232622245,0.1656019320983441,1.1328306028435855,201780562.7291667,7651694.416097123,0.8293563546603034,39.17667055571247,54263473.73239944,2484249.411945322,12.393230989536749,44087758.06050861
2020-11,55.832,0.7087017253128567,0.7068423380454704,12.28599884749925,0.5711502607259824,-7678.204281396761,1.8051553259418207,0.1598002799706606,1.0625260384907056,201866026.0138889,7647094.121220171,0.8098503092393781,38.93439852740071,54182622.81789034,2485152.561584894,12.394424152095755,44076856.54328061
2020-12,52.499,0.7085728642235106,0.7122246628937505,12.270571061629306,0.5707390629664149,-8108.751196234888,1.809653920688568,0.3768834491533229,1.0208969313437328,201951489.2986112,7642493.82634322,0.7932326755691429,38.698295212580135,54101771.90338124,2486055.711224466,12.395617314654766,44065955.02605262
2021-1,40.011,0.7084440031341646,0.7134013800987341,12.255143275759364,0.5584741789594017,-11364.899736533753,1.814490796790717,0.1494165017219891,1.0107339316161985,202036952.5833333,7637893.531466268,0.802404657006611,38.65940341718103,54020920.98887213,2486958.860864038,12.396810477213776,44055053.50882462
2021-2,42.063,0.7085079728548779,0.7145483804723596,12.256908284614545,0.5747067561241442,-10055.969117056047,1.8165366850094025,0.3075207752591355,0.95449451374365,202122415.86805555,,0.8077728270418228,38.8291597677743,53922848.53442431,2488046.532825765,12.398147099273162,44041023.35910699
2021-3,49.387,0.7085719425755913,0.7156643272145295,12.258673293469723,0.5759550380737111,-10681.371097239642,1.816216843150236,0.7502012734111935,0.892109626483549,202207879.1527778,,0.7911064588115583,38.99377929116993,53824776.07997649,2489134.204787492,12.39948372133255,44026993.20938936
2021-4,51.654,0.7086359122963046,0.7171958298938765,12.260438302324904,0.5735564747536357,-11291.78832348528,1.8089639607511407,0.2093577607665472,0.825168296080587,202293342.4375,,0.7858485486520173,39.195395317093976,53726703.62552867,2490221.8767492184,12.400820343391938,44012963.05967173
2021-5,52.7,0.7086998820170181,0.7191759595202138,12.262203311180086,0.5761928928113532,-11137.018153234196,1.80696151144469,0.4520794256980545,0.7281692353422864,202378805.72222224,,0.788988536495998,39.31983631896853,53628631.17108085,2491309.548710945,12.402156965451326,43998932.9099541
2021-6,56.166,0.7087638517377314,0.7212750048841958,12.263968320035266,0.5752151758047193,-11593.707790184802,1.810436957824208,0.2653548542873458,0.6217675784349498,202464269.00694445,,0.7607078967771884,39.27164526990103,53530558.71663303,2492397.2206726726,12.403493587510711,43984902.76023647
2021-7,54.955,0.7088278214584447,0.7242405403192369,12.265733328890445,0.5803881044104545,-12660.940095131144,1.820325672430364,0.1386530156645338,0.6016134682921431,202549732.2916667,,0.7307097337489749,39.064583493769966,53432486.2621852,2493484.8926343992,12.4048302095701,43970872.61051884
2021-8,52.909,0.7088917911791581,0.7270626427483631,12.267498337745623,0.5761249700693254,-12926.932236923987,1.833834327621637,0.4169925815107005,0.5622758730296696,202635195.5763889,,0.7303668725981315,38.79958566973384,53334413.80773738,2494572.564596126,12.406166831629488,43956842.46080121
2021-9,46.937,0.7089557608998714,0.7281843513856631,12.269263346600804,0.5732583602039819,-13554.880376356945,1.8668333099941672,0.5032112336587773,0.5648741379057796,202720658.8611111,,0.7396834288490177,38.75100135938354,53236341.35328956,2495660.236557853,12.407503453688877,43942812.31108358
2021-10,68.771,0.7090197306205849,0.7297467477145967,12.271028355455986,0.5630978101265887,-13970.949207112788,1.9052579733036263,0.2150355801013577,0.5760888293945896,202806122.1458333,,0.7482567159379947,39.30655295905735,53138268.89884174,2496747.90851958,12.408840075748262,43928782.16136595
2021-11,49.422,0.7090837003412982,0.7307303291939732,12.272793364311166,0.549487688796078,-13709.720991139484,1.959848447225784,0.3648852156762001,0.5405079259370922,202891585.43055555,,0.7479432847949268,39.00577216219898,53040196.44439392,2497835.580481306,12.410176697807652,43914752.01164832
2021-12,45.18,0.7091476700620116,0.7321011958041193,12.274558373166348,0.5415832014189058,-14102.464839114058,2.021463941896849,0.5777481446507552,0.5511883082810292,202977048.7152778,,0.7523200574716291,39.12994894101762,52942123.9899461,2498923.2524430333,12.41151331986704,43900721.86193069
2022-1,42.343,0.709211639782725,0.7334046171539187,12.276323382021529,,,,,,,,,39.20496976238092,52844051.53549828,2500010.9244047604,12.412849941926426,43886691.71221306
2022-2,47.687,,0.7356908730317256,,,,,,,,,,39.31006113290312,,,,
2022-3,55.914,,0.7381669966937904,,,,,,,,,,39.319874855274186,,,,
2022-4,41.088,,0.7406766331853467,,,,,,,,,,39.29168990715546,,,,
2022-5,45.903,,0.7425922350862005,,,,,,,,,,39.28801136952579,,,,
2022-6,56.952,,0.7438203442490774,,,,,,,,,,39.382592938748765,,,,
2022-7,59.909,,0.74527138932267,,,,,,,,,,39.3551235145224,,,,
2022-8,66.077,,0.7462752753889907,,,,,,,,,,39.35206133496104,,,,
2022-9,58.59,,0.7465816036517516,,,,,,,,,,39.16063000811358,,,,
2022-10,58.793,,0.7454055381087281,,,,,,,,,,38.937186780982536,,,,
2022-11,53.509,,0.7427030460023569,,,,,,,,,,38.889598435069175,,,,
2022-12,53.509,,0.7378455961607266,,,,,,,,,,38.992030368778686,,,,
