,Roraima - IDH,Roraima - Consumo de Cimento (t), IPCA - Variação mensal durante o Plano Real (%), NFSP - Fluxo Mensal (Milhões de reais),NFSP - Porcentagem do PIB (%),Taxa Selic (%),IGP-DI,População,Estoque liquido de capital fixo - (R$), INCC (%),Precipitation (mm/day),Atmospheric Pressure(mB),Global Radiation - Daylight (Kj/m²),Air Temperature - Dry Bulb (°C),Dew Point Temperature (°C),Air Relative Humidity (%),Wind Gust (m/s),Roraima - PIB - Estadual,Roraima - PIB - Construção Civil,Roraima - PIB - Per Capita,Roraima - PIB - Preços de Mercado,Roraima - Desemprego,Roraima - value
2003-1,0.734916255848655,6.92,0.7240323223220154,-5331.049150116268,11.520142924731228,1.6114984011933968,1.0365342950716354,177206913.03714657,7330309.193826131,0.9696488878423896,2.0587783068328687,1001.0771976942168,1671.3476355522323,25.56909418814516,22.736364257227443,82.3252610667893,1.6149600994278306,6128460.111199017,332580.20282068977,12.101540149290196,5339135.99993909,8.263084148815043,0.2945827226410365
2003-2,0.7349569256806422,7.476,0.6902970479188117,-5318.079644051534,11.189861881849811,1.4503889427633918,0.9934494214635804,177388401.60938227,7335910.173263511,0.9507826970690516,2.0587783068328687,1001.0792575487328,1671.3476355522323,25.57536920706597,22.73119068196049,82.3252610667893,1.6157594782745135,6136622.305355945,332914.7555428277,12.103484594579648,5342057.139001624,8.257122593341329,0.2965051934126193
2003-3,0.7349975955126293,8.659,0.6696806488591152,-5436.417870121553,10.82079163233486,1.870184311511264,0.9730199952886446,177569890.18161798,7341511.152700892,0.9383319190618296,2.0587783068328687,1001.0804591305338,1671.3476355522323,25.579029634769785,22.72817276305477,82.3252610667893,1.6162257826017452,6144784.499512873,333249.30826496566,12.1054290398691,5344978.278064159,8.251161037867615,0.2981777047425547
2003-4,0.7350382653446166,7.259,0.6604937853917251,-5707.015273535643,10.417840426092068,1.3552874765398468,0.940488752580393,177751378.75385368,7347112.132138272,0.9264010581332036,2.0587783068328687,1001.080587871441,1671.3476355522323,25.57942182345233,22.727849414600588,82.3252610667893,1.6162757437796629,6152946.693669801,333583.8609871036,12.107373485158554,5347899.417126693,8.245199482393899,0.2995983546285941
2003-5,0.7350789351766037,6.786,0.6483369045565663,-5599.317940972945,9.959689613256948,1.5855384957135032,0.9174932274418915,177932867.32608938,7352713.111575652,0.9516834453474324,2.047444972634791,1001.0669581329254,1673.9536744900945,25.60051171728688,22.70095944512384,82.16328754837592,1.6262107244464898,6161108.887826729,333918.41370924155,12.109317930448006,5350820.556189227,8.239237926920184,0.3009651914332306
2003-6,0.7351196050085909,5.555,0.6327588982490451,-5720.383331634745,9.432414860416127,1.7078914536714904,0.9127593777790712,178114355.8983251,7358314.091013032,0.9096671663294,2.036227336754453,1001.0507803801166,1676.6057346020125,25.62197538304714,22.67305476632486,81.98377849817395,1.6370238847770853,6169271.081983657,334252.9664313795,12.111262375737455,5353741.695251762,8.23327637144647,0.3012600543220692
2003-7,0.735160274840578,5.06,0.6380135035998685,-5884.375046061743,8.822929754380787,1.5982839320937383,0.9100665913481976,178295844.4705608,7363915.070450412,0.8904414926874215,2.021858957729309,1001.029319449913,1680.014170794714,25.64889829072201,22.637626112643552,81.75007264981686,1.6509748567506122,6177433.276140584,334587.51915351744,12.11320682102691,5356662.834314296,8.227314815972754,0.3022970604006271
2003-8,0.7352009446725651,5.241,0.6346344548960355,-5959.855464930735,8.332469749880811,1.7218082520903182,0.8898926477529421,178477333.0427965,7369516.049887793,0.8702308928724296,2.004453825932119,1001.0027606999902,1684.1504098119178,25.6810979391305,22.59492936823242,81.46400035586306,1.6679552380649745,6185595.470297512,334922.0718756554,12.115151266316364,5359583.97337683,8.22135326049904,0.302258212331384
2003-9,0.7352416145045523,4.794,0.6323269495840285,-6014.809970017429,7.939983702859978,1.6351282376087797,0.8665147784673063,178658821.6150322,7375117.029325173,0.844478552685211,1.9841259317356408,1000.9712894880232,1688.9858783973425,25.718391827091622,22.54522041724398,81.127391968871,1.6878566264180763,6193757.66445444,335256.6245977933,12.117095711605817,5362505.112439365,8.215391705025326,0.301733314685937
2003-10,0.7352822843365394,5.781,0.629038170305887,-6121.266757398654,7.604976000172705,1.8119435424411887,0.8493838484375612,178840310.1872679,7380718.008762553,0.8421829305905358,1.9609892655126329,1000.9350911716872,1694.492003294707,25.760597453424392,22.488755143830733,80.74207784139905,1.710570619507822,6201919.858611368,335591.1773199313,12.119040156895268,5365426.251501899,8.209430149551611,0.3007119702310938
2003-11,0.7353229541685267,5.236,0.6315074373857803,-6097.745583517717,7.313008932848318,1.6375042967189617,0.8382390949358776,179021798.7595036,7386318.988199934,0.8327971802717965,1.935157817635854,1000.8943511086576,1700.6402112477303,25.80753231694782,22.4257894321452,80.30988832600566,1.7359888150321163,6210082.052768296,335925.7300420692,12.12098460218472,5368347.390564433,8.203468594077897,0.299595902609638
2003-12,0.7353636240005138,5.516,0.6292469617617195,-6082.10009002275,7.034262103245153,1.7623760541706297,0.8211746264022252,179203287.3317393,7391919.967637314,0.8169855326871092,1.9067455784780627,1000.8492546566096,1707.401929000131,25.85901391648093,22.356579166339884,79.83265377524927,1.7640028106888628,6218244.246925224,336260.2827642072,12.122929047474171,5371268.529626968,8.197507038604181,0.2983827958156941
2004-1,0.7354042938325009,5.753,0.6279521987366027,-6360.043009879893,6.775421109777445,1.3607725559131063,0.8146624868021721,179384775.903975,7397520.947074695,0.8183674345886709,1.8758665384120177,1000.7999871732188,1714.748583295628,25.91485975084272,22.281380230567297,79.31220454168826,1.7945042041759662,6226406.441082152,336594.8354863451,12.124873492763625,5374189.668689502,8.191545483130467,0.297074456861231
2004-2,0.7354372501490855,5.006,0.6179234500456987,-6312.09879505444,6.535527586437412,1.2915557727587674,0.7877508194696684,179558325.62127495,7402970.507331404,0.813175865272952,1.8426346878104771,1000.74673401616,1722.6516008779397,25.974887318852208,22.20044850897996,78.75037097788109,1.8273845931913308,6234321.127199355,336876.7920182281,12.12823770754052,5377105.477323671,8.189496766412635,0.2956685685001703
2004-3,0.7354702064656699,5.47,0.6110282002564377,-6382.974247910342,6.304693993612522,1.3153702879685611,0.7462153668542578,179731875.3385749,7408420.067588114,0.7940584078254243,1.8071640170462,1000.6896805431088,1731.0824084907856,26.03891411932841,22.114039885730367,78.14898343638616,1.8625355754328607,6242235.813316558,337158.7485501112,12.131601922317412,5380021.285957839,8.187448049694805,0.2941669333101768
2004-4,0.7355031627822544,1.513,0.602215193421453,-6659.524121320398,6.092845857236326,1.2716511611761512,0.7161196882161044,179905425.05587482,7413869.627844823,0.7742123337341686,1.769568516491945,1000.6290121117404,1740.012432877884,26.106757651090344,22.02241024497104,77.50987226976189,1.89984874859846,6250150.49943376,337440.7050819943,12.134966137094306,5382937.094592009,8.185399332976973,0.2919550663239044
2004-5,0.7355361190988388,3.706,0.5930166849467975,-6639.092352241397,5.906435456003245,1.3496753218264288,0.6877653033067546,180078974.77317473,7419319.188101534,0.7850618617376672,1.7299621765204702,1000.56491407973,1749.413100782954,26.17823541295702,21.925815470854488,76.83486783056671,1.9392157103860328,6258065.185550963,337722.66161387734,12.1383303518712,5385852.903226177,8.18335061625914,0.2896304340328168
2004-6,0.7355690754154233,2.892,0.574475450988554,-6748.885395968077,5.749095649630231,1.5103056439741145,0.6580265037168356,180252524.49047467,7424768.748358243,0.7615174276282071,1.6884589875045342,1000.4975718047532,1759.2558389497142,26.253164903747447,21.82451144753322,76.12580047135904,1.9805280584934848,6265979.871668166,338004.6181457604,12.141694566648091,5388768.711860346,8.18130189954131,0.287394534995315
2004-7,0.7356020317320078,2.797,0.5593363966337657,-6784.497815846861,5.627047610968012,1.3540905935347418,0.6207840323429428,180426074.2077746,7430218.308614952,0.7524273421975352,1.645172939816896,1000.4271706444848,1769.5120741218834,26.33136362228064,21.718754059159743,75.38450054469729,2.0236773906187184,6273894.5577853685,338286.5746776434,12.145058781424988,5391684.520494514,8.179253182823478,0.2850448205953758
2004-8,0.7356349880485922,3.32,0.5366506165950669,-6905.605509166634,5.503636763429107,1.434760472048315,0.5909034137973287,180599623.9250745,7435667.868871663,0.7295497751500113,1.6002180238303134,1000.3538959566002,1780.1532330431808,26.412649067375614,21.60879918988657,74.6127984031399,2.0685553044596388,6281809.243902572,338568.53120952647,12.148422996201882,5394600.329128683,8.177204466105646,0.2827827758136906
2004-9,0.7356679443651767,2.351,0.521373108360619,-6995.222858870797,5.379865840264738,1.2837775896757788,0.5537026055994817,180773173.6423745,7441117.429128372,0.7095428699539044,1.5537082299175458,1000.2779330987748,1791.150742457325,26.49683873785139,21.494902723866225,73.81252439924529,2.1150533977141506,6289723.930019775,338850.4877414095,12.151787210978776,5397516.137762851,8.175155749387816,0.2804058384210422
2004-10,0.7357009006817611,2.125,0.5156158255655208,-7120.238857990881,5.253056293059425,1.1406245002546846,0.5450174136197448,180946723.3596744,7446566.989385082,0.6959159305043552,1.505757548451351,1000.199467428684,1802.476029108034,26.583750132526973,21.3773205452512,72.98550888557186,2.163063268080157,6297638.616136977,339132.4442732925,12.155151425755667,5400431.94639702,8.173107032669984,0.2779113999294293
2004-11,0.7357338569983456,1.654,0.5071034898207396,-7055.497216121851,5.122595130555095,1.2854603148119332,0.5310516981315352,181120273.0769744,7452016.549641792,0.6696517138276467,1.456479969804488,1000.1186843040028,1814.100519739028,26.673200750221376,21.25630853819402,72.13358221467806,2.212476513255563,6305553.30225418,339414.40080517565,12.158515640532563,5403347.755031189,8.171058315952152,0.2752968049338421
2004-12,0.73576681331493,3.188,0.4969515420076215,-6921.044658255659,4.995239879121229,1.2322302066002024,0.5059456433043616,181293822.79427427,7457466.109898502,0.6553570801963157,1.4059894843497154,1000.0357690824064,1825.9956410940244,26.76500808975361,21.13212258684718,71.25857473912228,2.2631847309382733,6313467.988371383,339696.3573370587,12.161879855309456,5406263.563665357,8.169009599234322,0.2725636003744839
2005-1,0.7357997696315145,2.928,0.483143045759377,-7202.757774714469,4.860078219431911,1.4183908253341642,0.4921828904516431,181467372.5115742,7462915.670155211,0.6473973428202994,1.354400082459792,999.9509071215708,1838.1328199167435,26.8589896499427,21.00501857536321,70.36231681146297,2.315079518826191,6321382.674488585,339978.31386894174,12.16524407008635,5409179.372299526,8.16696088251649,0.2697135451295093
2005-2,0.7358252079950729,2.118,0.4753697952172824,-7128.700399706268,4.725791184629883,1.4238954789241105,0.479032861785929,181632962.2895496,7468228.679464037,0.6298003725137261,1.3018257545074756,999.8642837791704,1850.4834829509027,26.95496292960765,20.8752523878946,69.44663878425855,2.368052474617221,6328778.085009439,340238.4647975956,12.168149442227548,5411738.909069627,8.159072979695505,0.2667570313027435
2005-3,0.7358506463586313,2.876,0.4664937288356185,-7221.778170229833,4.596932598972333,1.3369199083017531,0.4648610952618953,181798552.067525,7473541.688772862,0.6197803250738215,1.2483804908655252,999.7760844128808,1863.0190569402216,27.05274542756748,20.743079908593877,68.51337101006742,2.4219951960092683,6336173.495530292,340498.6157262494,12.171054814368746,5414298.445839727,8.151185076874519,0.2637009463617256
2005-4,0.7358760847221897,3.091,0.4550001182228941,-7427.695727374902,4.479302822781261,1.5033990992305697,0.4371435666899209,181964141.8455004,7478854.698081687,0.6089935578495764,1.1941782819066993,999.6864943803772,1875.710968628419,27.152154642641197,20.608757021613545,67.56434384144801,2.476799280700236,6343568.906051146,340758.76665490324,12.173960186509944,5416857.982609828,8.143297174053533,0.2607524410886475
2005-5,0.735901523085748,2.684,0.4387655535867955,-7307.848389698152,4.361373483938184,1.5253707589919576,0.4197283588146051,182129731.6234758,7484167.707390512,0.6112913639662371,1.1393331180037565,999.5956990393352,1888.5306447592136,27.25300807364781,20.47253961110611,66.60138763095874,2.532356326388028,6350964.316571999,341018.9175835571,12.176865558651144,5419417.519379929,8.135409271232549,0.2579188510164036
2005-6,0.7359269614493064,1.466,0.4302028729547594,-7431.800235590503,4.256101726196984,1.3784705106585684,0.4199780553732319,182295321.4014512,7489480.716699338,0.5804670357747842,1.083958989529455,999.5038837474298,1901.449512076324,27.355123219406345,20.334683561224093,65.62633273115804,2.58855793077055,6358359.727092853,341279.0685122109,12.17977093079234,5421977.056150029,8.127521368411564,0.2549995379466725
2005-7,0.7359523998128648,3.161,0.4313751989691616,-7447.830376487559,4.16168717243741,1.4515065266492553,0.426655987569031,182460911.1794265,7494793.726008162,0.5645649922940777,1.028169886856554,999.4112338623364,1914.4389973234693,27.45831757873581,20.19544475612,64.64100949460433,2.645295691545706,6365755.137613706,341539.21944086475,12.18267630293354,5424536.59292013,8.119633465590578,0.2530350376124807
2005-8,0.7359778381764231,2.107,0.4316478866297594,-7426.454566904413,4.079825078928361,1.314802317799124,0.4533210772878235,182626500.957402,7500106.735316987,0.5609756759595197,0.9720798003578122,999.31793474173,1927.470527244368,27.562408650455215,20.055079079946346,63.64724827385604,2.7024612064113995,6373150.548134561,341799.37036951864,12.185581675074738,5427096.129690231,8.111745562769592,0.2501929555147634
2005-9,0.7360032765399815,2.674,0.4277093852365702,-7512.020875107958,4.012628248908924,1.4544913446504557,0.4844114534007803,182792090.7353773,7505419.744625812,0.5646643450021134,0.9158027204059872,999.2241717432862,1940.5155285827395,27.667213933383582,19.91384241685563,62.64687942147156,2.759946073065536,6380545.958655414,342059.5212981725,12.188487047215936,5429655.666460332,8.103857659948607,0.2487222359878936
2005-10,0.7360287149035398,2.351,0.4225131084131527,-7687.979669089395,3.9602332396446167,1.2166346637056376,0.4945726100320757,182957680.51335275,7510732.753934638,0.5644640550493971,0.859452637373838,999.1301302246802,1953.5454280823017,27.77255092633992,19.77199065100037,61.64173329000934,2.817641889206018,6387941.369176268,342319.6722268263,12.191392419357134,5432215.203230432,8.095969757127623,0.2484567037695662
2005-11,0.7360541532670982,2.327,0.410747290823505,-7676.736667287167,3.9221772649399615,1.5774291835856542,0.4959029929217597,183123270.29132813,7516045.763243463,0.5622657106505984,0.803143541634123,999.0359955435872,1966.531652486774,27.87823712814324,19.62977966653308,60.633640232027794,2.875440252530751,6395336.779697121,342579.82315548015,12.194297791498332,5434774.740000533,8.088081854306637,0.2486147595560656
2005-12,0.7360795916306566,2.396,0.4101195327303973,-7542.184036343686,3.892160292125506,1.4013372679118714,0.5121818479826961,183288860.0693036,7521358.772552288,0.5630711908624105,0.7469894235596015,998.9419530576826,1979.445628539875,27.984090037612557,19.48746534760627,59.62443060008533,2.933232760737639,6402732.190217975,342839.974084134,12.19720316363953,5437334.276770634,8.08019395148565,0.2487988178610947
2006-1,0.736105029994215,3.458,0.4093210137705744,-7965.495545452277,3.8684439286332686,1.0664559084527,0.5246513831169914,183454449.8472789,7526671.781861113,0.5580933471517024,0.6911042735230313,998.8481881246414,1992.258782985324,28.08992715356688,19.345303578372448,58.61593474674039,2.9909110115245863,6410127.600738828,343100.1250127878,12.200108535780728,5439893.813540734,8.072306048664666,0.2490113897395723
2006-2,0.7361231459671239,3.467,0.4028183365263698,-7956.205189035386,3.846872965752776,1.277179270614667,0.5117940136540285,183612058.601541,7531879.804076586,0.5540061208774786,0.6356020818971708,998.7548861021392,2004.9425425668392,28.195565974825232,19.20355024298412,57.60998302455139,3.048366602589497,6416485.061766729,342847.4631927636,12.201145752903932,5441450.443485014,8.070275474322964,0.2492550006146404
2006-3,0.7361412619400328,4.437,0.3998570076790366,-8153.367564422752,3.842818789820434,1.0970203410953332,0.5216724461884032,183769667.35580307,7537087.826292059,0.558308779155122,0.5805968390547795,998.662232347851,2017.4683340281397,28.30082400020662,19.062461225593808,56.60840578607674,3.105491131630276,6422842.52279463,342594.8013727393,12.202182970027136,5443007.073429294,8.068244899981263,0.2495322747394256
2006-4,0.7361593779129417,2.394,0.3979963710958243,-8423.448244351577,3.836249908110392,1.2502528613576849,0.5491307539299164,183927276.1100652,7542295.848507533,0.5671710316312383,0.526202535368615,998.5704122194524,2029.807584112944,28.405518728530065,18.92229241035401,55.613033383874885,3.1621761963448263,6429199.983822532,342342.13955271506,12.203220187150338,5444563.703373574,8.06621432563956,0.2498458531359409
2006-5,0.7361774938858506,2.04,0.4056653747218318,-8229.867308086905,3.840605092822108,1.0095742979252955,0.5836820001689738,184084884.86432725,7547503.870723005,0.5968232499556683,0.4725331612114365,998.4796110746184,2041.9317195649712,28.509467658614568,18.78329968141725,54.62569617050421,3.2183133944310534,6435557.444850433,342089.4777326908,12.20425740427354,5446120.333317853,8.064183751297858,0.2510272977647579
2006-6,0.7361956098587595,2.291,0.4149031030845876,-8333.395980655183,3.8357922282673904,1.1668510987613707,0.6123741776559579,184242493.6185893,7552711.892938478,0.6052265435927703,0.4197027069560017,998.3900142710244,2053.81216712794,28.612488289279156,18.645738922936037,53.64822449852317,3.273794323586861,6441914.905878333,341836.81591266656,12.205294621396744,5447676.963262132,8.062153176956157,0.2522802949837772
2006-7,0.7362137258316686,2.365,0.4267485653722618,-8363.641502791654,3.834296240076312,1.026151222924956,0.6206261710016543,184400102.37285143,7557919.915153951,0.6134655051430675,0.3678251629750708,998.3018071663456,2065.420353545569,28.71439811934283,18.509866019062866,52.68244872049017,3.328510581510154,6448272.366906235,341584.1540926423,12.206331838519947,5449233.593206412,8.060122602614454,0.2534004125345621
2006-8,0.7362318418045775,3.013,0.4258794259587617,-8483.803210688488,3.837301314139748,1.1135288127682357,0.6093984595457096,184557711.1271135,7563127.937369425,0.6251193452031805,0.3170145196414007,998.2151751182574,2076.727705561578,28.81501464762461,18.37593685395026,51.730199188963645,3.382353765898835,6454629.827934137,341331.49227261805,12.207369055643152,5450790.223150692,8.058092028272752,0.2545913429823006
2006-9,0.7362499577774864,1.843,0.427904503700878,-8564.573776025667,3.830845488644045,1.064885873032217,0.6087555012956766,184715319.8813756,7568335.959584897,0.6374779078573267,0.2673847673277507,998.130303484435,2087.7056499196847,28.91415537294351,18.24420731175073,50.793306256502,3.4352154744508105,6460987.288962037,341078.8304525938,12.208406272766355,5452346.853094972,8.05606145393105,0.2560568239449253
2006-10,0.7362680737503953,3.35,0.4308949403404751,-8753.077264130869,3.820865481468113,1.3883378064077412,0.6272259685547825,184872928.63563767,7573543.98180037,0.6494765821002537,0.2190498964068796,998.0473776225537,2098.325613363608,29.011637794118545,18.114933276616785,49.87360027566366,3.4869873048639835,6467344.749989938,340826.16863256955,12.20944348988956,5453903.483039251,8.054030879589348,0.2580088848739841
2006-11,0.7362861897233042,2.334,0.4297781875807803,-8585.918047929645,3.797759546537678,1.392456147938836,0.6138016533493752,185030537.38989973,7578752.004015843,0.6544472076430272,0.1721238972515444,997.9665828902886,2108.5590226370678,29.10727940996872,17.988370632700935,48.97291159900705,3.537560854836258,6473702.21101784,340573.5068125453,12.210480707012762,5455460.11298353,8.052000305247645,0.2600516906891791
2006-12,0.7363043056962131,3.251,0.4275878752901689,-8102.613779191029,3.778681269312833,1.1927122116957445,0.5948781830476984,185188146.14416185,7583960.026231317,0.6529124218025248,0.1267207602345061,997.8881046453153,2118.377304483781,29.200897719313065,17.864775264155693,48.09307057909059,3.586827722065539,6480059.672045741,340320.84499252104,12.211517924135965,5457016.74292781,8.049969730905945,0.2621895455005125
2007-1,0.736322421669122,2.53,0.4261722902551189,-8429.349883699913,3.758139256867763,1.0523384765809212,0.5915910920220523,185345754.8984239,7589168.048446789,0.652250285916937,0.0829544757285218,997.8121282453088,2127.751885647468,29.29231022097057,17.744403055133567,47.23590756847271,3.63467950424973,6486417.133073642,340068.1831724968,12.212555141259168,5458573.37287209,8.047939156564242,0.264426809686758
2007-2,0.736333410813758,2.885,0.4272545197346237,-8207.504212454718,3.739732339264414,0.8648345966337321,0.5821912594010402,185495361.54458392,7594051.910447072,0.6486758561842155,0.0409390341063495,997.7388390479445,2136.654192871847,29.381334413760268,17.62750988978707,46.40325291971182,3.681007799086738,6492201.750346102,340299.92727514537,12.214460420797236,5459861.700443506,8.04520168885824,0.2669719783511917
2007-3,0.7363443999583942,3.519,0.421374616153345,-8302.699392306728,3.706955628134506,1.0136782679054217,0.5624597981278792,185644968.19074392,7598935.772447355,0.6396733150346336,0.0007884257407493,997.6684224108976,2145.055652900637,29.467787796501163,17.514351652268708,45.596936985366334,3.725704204274463,6497986.367618561,340531.67137779394,12.216365700335306,5461150.0280149225,8.04246422115224,0.2698335078827927
2007-4,0.7363553891030302,2.635,0.4226987158945232,-8434.701866226666,3.675935689954143,0.9058292634380308,0.5607781390026951,185794574.836904,7603819.634447637,0.6337527638093442,0.0,997.6010636918436,2152.927692477557,29.551487868012277,17.405184226731002,44.81879011799469,3.768660317510811,6503770.984891021,340763.41548044246,12.218270979873374,5462438.355586338,8.039726753446239,0.2724076417913859
2007-5,0.7363663782476664,2.555,0.4265292995204747,-8141.051175182823,3.63852003418216,0.9385189527188756,0.5641176200703027,185944181.483064,7608703.49644792,0.653237645563625,0.0,997.5369482484574,2160.241738346325,29.63225212711261,17.30026349732645,44.07064267015531,3.8097677364936873,6509555.602163481,340995.15958309104,12.220176259411442,5463726.683157754,8.036989285740237,0.275094482622054
2007-6,0.7363773673923024,3.21,0.427912233110958,-8026.170619784551,3.601931188268772,0.8300336615044933,0.557268421320419,186093788.129224,7613587.358448203,0.6449100186574492,0.0,997.4762614384146,2166.96921725066,29.709898072621183,17.19984534820757,43.3543249944066,3.8489180589209946,6515340.2194359405,341226.9036857396,12.22208153894951,5465015.01072917,8.034251818034235,0.2778939853078836
2007-7,0.7363883565369385,3.001,0.4270491588284315,-7955.022260278307,3.560009340555952,1.091015693647252,0.5417029185846474,186243394.77538395,7618471.220448485,0.63275579381832,0.0,997.4191886193904,2173.0815559342823,29.78424320335701,17.104185663526877,42.671667443306994,3.886002882490639,6521124.8367084,341458.6477883882,12.223986818487578,5466303.338300586,8.031514350328234,0.2808101985193369
2007-8,0.7363993456815746,3.026,0.4251241376010696,-7983.790257906689,3.5118118337828608,0.9546102545549062,0.5383365294217008,186393001.421544,7623355.082448767,0.6268005040535086,0.0,997.36591514906,2178.5501811409085,29.855105018139117,17.01354032743687,42.02450036941492,3.920913804900525,6526909.453980859,341690.3918910368,12.225892098025648,5467591.665872002,8.028776882622234,0.2838260181296809
2007-9,0.7364103348262107,2.157,0.4202971223147698,-7895.376088335307,3.469607481841116,0.864747358475212,0.5168062325264737,186542608.067704,7628238.94444905,0.6258989699329778,0.0,997.3166263850987,2183.346519614259,29.92230101578649,16.92816522409007,41.41465412528878,3.953542423848553,6532694.071253319,341922.13599368534,12.227797377563716,5468879.993443418,8.026039414916232,0.2869613867544752
2007-10,0.7364213239708468,3.655,0.422186667969427,-7988.122113095049,3.4226070580234054,1.014249422320608,0.492773472916794,186692214.713864,7633122.806449333,0.617964982686669,0.0,997.271507685182,2187.441998098052,29.985648695118165,16.848316237638983,40.84395906348701,3.983780337032632,6538478.688525779,342153.8800963339,12.229702657101784,5470168.321014835,8.02330194721023,0.2897825939129768
2007-11,0.7364323131154829,2.908,0.4244249038787387,-8017.515428278837,3.3732677481944013,0.9820548143806294,0.4788592048124005,186841821.360024,7638006.668449616,0.6145670424343683,0.0,997.2307444069846,2190.808043336006,30.044965554953144,16.774249252236118,40.31424553656803,4.011519142150664,6544263.305798238,342385.62419898243,12.231607936639854,5471456.648586251,8.02056447950423,0.291850469222026
2007-12,0.736443302260119,3.85,0.4244999572063965,-7877.11519891132,3.3132900029546954,0.8767487704205519,0.4548379030142503,186991428.006184,7642890.530449898,0.6103282941034248,0.0,997.1945219081824,2193.4160820718403,30.10006909411045,16.70622015203399,39.82734389709024,4.036650436900552,6550047.923070698,342617.368301631,12.233513216177922,5472744.976157666,8.017827011798229,0.2939573204396987
2008-1,0.736454291404755,5.564,0.4249975168895801,-8333.785630800456,3.2555579562369243,1.011775380520748,0.4442798633210167,187141034.652344,7647774.392450181,0.6123131329450783,0.0,997.1630255464504,2195.2375410492737,30.150776811409084,16.644484821185106,39.3850844976121,4.059065818980203,6555832.540343158,342849.1124042796,12.23541849571599,5474033.303729082,8.015089544092227,0.296103412329058
2008-2,0.736458349283495,4.858,0.4302154047083354,-7957.479510093275,3.199376609861489,0.95509159572242,0.4446804445496704,187282618.10601315,7652174.341637064,0.6130114959204532,0.0,997.1364406794638,2196.2438470120246,30.196906205668068,16.58929914384198,38.98929769069199,4.078656886087519,6560484.5518921325,343056.3101445557,12.234838815704402,5474722.663233675,8.017692148310797,0.298288963810476
2008-3,0.7364624071622348,4.369,0.4313867734467428,-7892.607761543437,3.141468520965748,0.8861972393237405,0.4484128206903977,187424201.5596823,7656574.290823947,0.6213585443907181,0.0,997.114952664898,2196.4064267038125,30.23827477570641,16.54091900415712,38.64181382888837,4.095315235920406,6565136.563441107,343263.5078848318,12.234259135692817,5475412.022738269,8.020294752529368,0.30051414673284
2008-4,0.7364664650409747,5.565,0.4338669727481246,-8007.976541076512,3.0675634134381013,1.0102274736240415,0.4473258895577853,187565785.01335144,7660974.24001083,0.6263187436812404,0.0,997.0987468604284,2195.6967068683552,30.274700020343136,16.49960028628304,38.344463264759625,4.108932466176768,6569788.5749900825,343470.70562510786,12.233679455681228,5476101.382242861,8.022897356747938,0.3027790828959709
2008-5,0.7364705229197146,4.825,0.4321500462512327,-7622.164669581103,2.983508587016217,0.9183439034290336,0.4544319127338644,187707368.4670206,7665374.189197713,0.646709513314914,0.0,997.08800862373,2194.0861142493727,30.305999438397244,16.46559887437225,38.09907635086421,4.119400174554508,6574440.586539057,343677.903365384,12.233099775669638,5476790.741747455,8.025499960966508,0.3050838426869919
2008-6,0.7364745807984544,3.693,0.416568100772241,-7526.222983080984,2.8968331481222203,0.831892211523938,0.4203655844188621,187848951.92068976,7669774.1383845955,0.6287480084855108,0.0,997.082923312478,2191.546075590583,30.33199052868776,16.43917065257726,37.90748343976053,4.126609958751531,6579092.598088032,343885.1011056601,12.232520095658051,5477480.101252047,8.02810256518508,0.3070033640119355
2008-7,0.7364786386771943,3.922,0.4017041211332135,-7372.476799457021,2.8193033709764,0.9469908098354584,0.3823654090466765,187990535.3743589,7674174.087571479,0.599023956748628,0.0,997.0836762843484,2188.048017635705,30.352490790033684,16.420571505050575,37.771514884007,4.130453416465742,6583744.609637007,344092.2988459362,12.231940415646465,5478169.460756641,8.03070516940365,0.308936487869653
2008-8,0.7364826965559342,4.293,0.3911930100262941,-7330.909560613458,2.746140251198851,0.9812442861378704,0.377094781251677,188132118.82802805,7678574.036758362,0.5717904557609863,0.0,997.0904528970156,2183.5633671284577,30.36731772125404,16.410057315944716,37.69300103616205,4.130822145395045,6588396.621185982,344299.4965862123,12.231360735634874,5478858.8202612335,8.03330777362222,0.3108862036928181
2008-9,0.736486754434674,3.131,0.393954511741958,-7785.307445305803,2.665912474404139,1.0935181371164024,0.4025579714905743,188273702.2816972,7682973.985945245,0.5509061927111456,0.0,997.1034385081553,2178.06355081256,30.37628882116784,16.407883969412186,37.6737722487841,4.127607743237343,6593048.632734956,344506.6943264884,12.230781055623288,5479548.179765826,8.035910377840791,0.3128514049318083
2008-10,0.736490812313414,4.837,0.4032616547632046,-7703.954458964581,2.598260780235978,0.94244302845466,0.412023328025164,188415285.7353664,7687373.935132128,0.5338333005653052,0.0,997.1228184754426,2171.51999543173,30.379221588594092,16.4143073496055,37.715658874431575,4.120701807690542,6597700.644283931,344713.8920667645,12.2302013756117,5480237.53927042,8.03851298205936,0.3144186412784793
2008-11,0.7364948701921539,6.646,0.4104528122004031,-7476.287871104045,2.5386157863332808,1.062701899829496,0.4176314374021105,188556869.1890356,7691773.884319011,0.5233099682890817,0.0,997.148778156553,2163.9041277296874,30.375933522351826,16.42958334067717,37.820491265662895,4.1099959364525445,6602352.655832905,344921.0898070406,12.22962169560011,5480926.898775012,8.04111558627793,0.3155698607969384
2008-12,0.7364989280708937,8.306,0.4155686208661097,-7673.72643892393,2.504755709594416,1.101310555483456,0.4199544942195133,188698452.64270467,7696173.833505894,0.524103085853287,0.0,997.1815029091616,2155.187374450151,30.36624212126003,16.4539678267797,37.99009977503648,4.095381727221256,6607004.667381881,345128.2875473167,12.229042015588524,5481616.258279606,8.043718190496502,0.3167028846766886
2009-1,0.7365029859496336,3.789,0.4265478197554145,-8468.75016667358,2.46038988184506,0.7501827891642874,0.4453642148556728,188840036.09637383,7700573.782692777,0.5263722830788128,0.0,997.221178090944,2145.3411623368384,30.349964884137734,16.487716692065604,38.22631475511075,4.076750777694581,6611656.678930855,345335.4852875928,12.228462335576936,5482305.617784198,8.046320794715072,0.317815401802733
2009-2,0.7365003081248539,4.322,0.4330860958676656,-8362.130172448553,2.419211323171128,0.8379855344167224,0.4617677479747263,188999683.0050093,7704524.6839363,0.5227829360821162,0.0,997.2679890595748,2134.3369181334697,30.326919309803948,16.531085820687398,38.53096655844412,4.053994685570423,6626327.936072345,345637.735174468,12.227402856775551,5486654.093466044,8.04322978112268,0.3189049649071407
2009-3,0.7364976303000742,6.586,0.4381030668091561,-8556.283355305572,2.384914975903917,0.7389127280648995,0.4744121661088831,189159329.91364485,7708475.585179822,0.5234789989371754,0.0,997.32212117273,2122.1460685837637,30.296922897077685,16.584331096797584,38.90588553759503,4.027005048546686,6640999.193213834,345939.9850613433,12.22634337797417,5491002.5691478895,8.040138767530287,0.3197607401429764
2009-4,0.7364949524752944,3.765,0.45007711682254,-8805.162211693303,2.3630365952461503,0.72952096312357,0.4999622144350261,189318976.8222804,7712426.486423344,0.5478423802413089,0.0,997.3837597880846,2108.740040431438,30.25979314477796,16.64770840454868,39.35290204512187,3.995673464321276,6655670.450355324,346242.23494821857,12.225283899172789,5495351.044829736,8.037047753937895,0.320371499985021
2009-5,0.7364922746505147,3.991,0.450431778065969,-8667.302626906909,2.3525692667827225,0.7956723216115966,0.4981088282193594,189478623.73091587,7716377.387666867,0.6069054336378797,0.0,997.4530902633136,2094.090260420213,30.215347551723788,16.721473628093193,39.87384643358311,3.9598915305920954,6670341.7074968135,346544.4848350938,12.224224420371405,5499699.520511582,8.033956740345504,0.3213503542338706
2009-6,0.736489596825735,3.566,0.4443889715056729,-8866.763268778828,2.338774353162325,0.7718384341547616,0.4904351794060748,189638270.6395514,7720328.288910389,0.5851435517618442,0.0381497929132614,997.5302979560928,2078.1681552938057,30.16340361673418,16.80588265158363,40.470549055537134,3.919550845057048,6685012.964638303,346846.734721969,12.22316494157002,5504047.996193427,8.030865726753111,0.3222943516137037
2009-7,0.7364869190009553,7.338,0.4406435988198508,-9104.309037125651,2.304832376935664,0.932626674231297,0.4945814397751699,189797917.5481869,7724279.190153912,0.5788217871313215,0.0964946070716326,997.615568224097,2060.9451517959365,30.103778838628145,16.90119135917251,41.14484026354235,3.874543005414041,6699684.2217797935,347148.9846088443,12.222105462768637,5508396.471875273,8.027774713160719,0.3232004815383122
2009-8,0.7364842411761756,6.946,0.4435740975951859,-9151.584889714371,2.2790124389025963,0.9077579231188913,0.519129981023956,189957564.45682243,7728230.091397434,0.5750680318928113,0.1600099752965724,997.7090864250016,2042.3926766703232,30.036290716224705,17.007655635012338,41.89855041015723,3.8247596093609753,6714355.478921283,347451.23449571955,12.221045983967256,5512744.947557119,8.024683699568326,0.324065589355026
2009-9,0.7364815633513959,4.99,0.4517057294318006,-9303.102943424732,2.248138981864224,0.7590817589264219,0.5322073984035939,190117211.36545795,7732180.992640956,0.5778898181752461,0.2288098879608404,997.8110379164824,2022.4821566606847,29.960756748342867,17.12553136325563,42.73350984794014,3.770092254595759,6729026.736062773,347753.4843825948,12.21998650516587,5517093.423238964,8.021592685975934,0.3250908867269718
2009-10,0.7364788855266162,6.286,0.4562242724341889,-9568.345532304107,2.217904930844287,0.7846990754486614,0.5355829324010861,190276858.27409345,7736131.893884479,0.5785426926291699,0.3030083354371948,997.9216080562136,2001.1850185107407,29.87699443380165,17.25507442805489,43.65154892944956,3.710432538816292,6743697.993204262,348055.73426947,12.218927026364486,5521441.89892081,8.018501672383543,0.3260731214202881
2009-11,0.7364762077018364,6.073,0.4618168766069392,-9497.345398002251,2.177604887432468,0.7700278820075507,0.5460484315742349,190436505.18272892,7740082.795128002,0.5912075438524862,0.3827193080983941,998.0409822018717,1978.4726889642104,29.78482127142006,17.396540713562633,44.654498007243845,3.645672059720481,6758369.250345752,348357.98415634525,12.217867547563104,5525790.374602656,8.01541065879115,0.3272219076959475
2009-12,0.7364735298770567,5.412,0.4644167127850657,-9190.300907588446,2.124224012723041,0.6898760251950916,0.5427257627326397,190596152.09136447,7744033.696371524,0.5870573500038764,0.4680567963171989,998.169345711131,1954.3165947648104,29.68405476001712,17.55018610393137,45.744187433881486,3.575702415006232,6773040.507487241,348660.2340432205,12.216808068761722,5530138.850284501,8.012319645198758,0.3283519370525581
2010-1,0.736470852052277,7.224,0.4691088914703447,-9688.588371030834,2.0799573598611705,0.7984149643257024,0.5528867394615864,190755799.0,7747984.597615046,0.6027048817569469,0.5591347904663642,998.3068839416673,1928.6881626562608,29.574512398411837,17.716266483313607,46.92244756192086,3.5004152023714443,6787711.764628731,348962.48393009574,12.215748589960338,5534487.325966347,8.009228631606366,0.3294620312691471
2010-2,0.7364616340863543,7.534,0.4638866746250542,-9576.958631035535,2.030863470139216,0.6340516025801447,0.5359195328522104,190858600.18802968,7751204.361214897,0.5955700194878013,0.6560672809186505,998.4537822511556,1901.5588193822805,29.456011685423224,17.895037735861862,48.19110874392038,3.419702019514026,6801066.291524462,348851.5246036832,12.21500146527482,5537826.171481446,8.008194472708407,0.3305509826760877
2010-3,0.7364524161204317,7.626,0.4529411903376403,-9737.230041667011,1.9872203448387613,0.8247337983618206,0.5269652285318539,190961401.3760593,7754424.124814747,0.5982752954789717,0.758968258046816,998.6102259972714,1872.899991686588,29.328370119870296,18.08675574572864,49.55200133243852,3.333454464131881,6814420.818420195,348740.5652772706,12.214254340589305,5541165.016996547,8.007160313810449,0.3316175544896716
2010-4,0.736443198154509,6.218,0.455830055988475,-10059.393149424635,1.938766300428007,0.7324555326526557,0.5365275225694347,191064202.56408903,7757643.888414597,0.5978042087664871,0.8679517122236196,998.77640053769,1842.6831063129025,29.191405200572067,18.291676397066453,51.00695568003363,3.241564133922913,6827775.345315928,348629.6059508581,12.213507215903784,5544503.862511646,8.00612615491249,0.3327421138316478
2010-5,0.7364339801885863,6.211,0.4519925678913392,-9786.943488370514,1.900423502203311,0.8264367733604508,0.5422255150798765,191167003.7521188,7760863.652014448,0.6184467692784309,0.9831316338218196,998.9524912300864,1810.8795900049424,29.044934426347552,18.510055574027813,52.55780213926419,3.143922626585025,6841129.872211659,348518.6466244456,12.21276009121827,5547842.708026745,8.005091996014531,0.3339658491568656
2010-6,0.7364247622226636,6.338,0.4452546601697086,-9905.786117325402,1.8856666637377413,0.7835509006430283,0.526058037576734,191269804.9401484,7764083.415614299,0.5958291622572781,1.1046220132141762,999.1386834321362,1777.460869506427,28.88877529601577,18.74214916076523,54.206371062688575,3.0404215398161254,6854484.399107391,348407.687298033,12.212012966532752,5551181.553541846,8.004057837116573,0.3350042574521692
2010-7,0.736415544256741,7.085,0.4546156103614938,-10012.607609861,1.8938061232400991,0.6956631681759645,0.5522966590697518,191372606.1281781,7767303.179214149,0.5865859204975183,1.2325368407734447,999.3351625015144,1742.3983715610743,28.72274530839572,18.988213041431216,55.95449280286526,2.930952471314113,6867838.926003124,348296.72797162045,12.211265841847236,5554520.399056945,8.003023678218614,0.3360246838489087
2010-8,0.7364063262908184,7.315,0.4638587019783974,-10127.16701415496,1.9055306692046643,0.8448625278586105,0.5776013784579778,191475407.31620777,7770522.942813999,0.5826586136352507,1.3669901068723855,999.5421137958964,1705.6635229126036,28.54666196230642,19.24850310017828,57.80399771235264,2.815407018776896,6881193.452898856,348185.7686452079,12.210518717161715,5557859.244572044,8.001989519320654,0.3370264837668526
2010-9,0.7363971083248957,6.64,0.4761580018141546,-10250.239819329276,1.9300080246741709,0.94745863654434,0.5772035539111675,191578208.50423744,7773742.706413849,0.5845130658367664,1.5080958018837571,999.7597226729574,1667.2277503047335,28.36034275656689,19.523275221158933,59.7567161437091,2.693676779902378,6894547.979794588,348074.80931879533,12.2097715924762,5561198.090087145,8.000955360422696,0.3380089384622411
2010-10,0.736387890358973,6.459,0.4806927669176689,-9855.109255533838,1.9496834440674369,0.8548584317510831,0.5519922392666898,191681009.69226712,7776962.4700137,0.5851989203903505,1.6559679161803178,999.9881744903728,1627.0624804811837,28.163605189996137,19.81278528852569,61.81447844949314,2.565653352388461,6907902.50669032,347963.8499923828,12.209024467790684,5564536.935602244,7.999921201524737,0.3389713371057193
2010-11,0.7363786723930503,8.807,0.4792117692065355,-9697.432210565865,1.9809369678190991,0.8102428340912935,0.5389303803124353,191783810.88029683,7780182.233613551,0.5889002595704534,1.810720440134828,1000.227654605818,1585.1391401856715,27.95626676141318,20.117289186431048,63.97911498226309,2.431228333933051,6921257.033586052,347852.8906659703,12.208277343105166,5567875.781117343,7.998887042626778,0.3399213921226018
2010-12,0.7363694544271276,8.951,0.4797986866964565,-10050.732911371206,2.016086379686157,0.7964293770587095,0.5226303587391766,191886612.0683265,7783401.997213401,0.5859531226578283,1.972467364120043,1000.478348376968,1541.4291561619168,27.73814496963703,20.43704279902753,66.25245609457745,2.2902933222340542,6934611.560481785,347741.9313395577,12.207530218419649,5571214.626632444,7.99785288372882,0.3408673417414928
2011-1,0.736360236461205,11.753,0.485803381917484,-10517.124472033394,2.035093128055376,0.893395740441149,0.5232972131171288,191989413.25635612,7786621.760813251,0.5868072050415946,1.9848055555555555,1000.7117690732208,1519.5667003456392,27.54419338837685,20.676065108166924,68.0818092357911,2.173155241935484,6947966.087377517,347630.9720131452,12.206783093734131,5574553.472147543,7.996818724830861,0.3418502898448563
2011-2,0.7363375925136804,10.452,0.4823188015534446,-10136.637212959104,2.0617197249168107,0.9169684528627234,0.5089693151224648,192095145.77648595,7788997.896079644,0.5919181218163453,2.5314505772005766,1001.0360432667692,1426.5014632969735,27.262311667946744,21.218242527521763,71.57562644009218,1.9580745967741937,6960313.663807742,347612.66036815767,12.20509610302549,5577466.510966401,8.051403589268881,0.3428305936824505
2011-3,0.7363149485661556,10.2,0.4765888567715217,-10178.562458683811,2.079526018829988,0.8172419431451659,0.4966673062887451,192200878.2966157,7791374.031346036,0.5978188398925539,2.531755103949548,1001.3390029228536,1374.3939442562996,26.92911060974569,21.581074868791603,74.46922763056837,1.7994403375149342,6972661.240237967,347594.34872317023,12.20340911231685,5580379.549785258,8.105988453706901,0.3438086677390895
2011-4,0.7362923046186309,8.94,0.4724763218727945,-10225.7655016099,2.095742570726438,0.8755603531716446,0.483448023435273,192306610.81674543,7793750.166612428,0.6056625101161331,2.6030436193557103,1001.5642333376002,1371.4528781942963,26.813759227257208,21.784147065412185,75.85392425115208,1.687199554104796,6985008.816668192,347576.0370781828,12.201722121608208,5583292.588604117,8.16057331814492,0.3449116866696225
2011-5,0.7362696606711063,7.316,0.4647701832003508,-9993.389038138808,2.1045733049199136,0.9645144336524022,0.4794375297414004,192412343.33687523,7796126.30187882,0.631128227052354,2.78789112053351,1001.8717659949284,1354.636863837483,26.5756890117158,22.079834400830222,78.1328131857582,1.5309858383317485,6997356.393098418,347557.7254331953,12.200035130899568,5586205.627422974,8.21515818258294,0.3460247517040021
2011-6,0.7362470167235817,6.204,0.460777089427583,-9975.112230204764,2.095226448555367,0.8288299944369717,0.4943626052826666,192518075.857005,7798502.437145213,0.5950919575302004,2.530557675613264,1002.074650859832,1443.4445779168254,26.74371565222351,22.10079721836891,77.53509434399722,1.4914561334646506,7009703.969528643,347539.4137882078,12.198348140190928,5589118.666241832,8.26974304702096,0.3471405557340048
2011-7,0.736224372776057,8.29,0.4586625612219078,-9903.241596764476,2.0859703688695106,0.8811708978486625,0.4999529609128011,192623808.3771348,7800878.572411605,0.5975398841785342,2.501427178796264,1001.779717820619,1503.8708357487865,26.96349921947969,22.05000870609655,76.41163137064679,1.5131445139408262,7022051.545958868,347521.1021432204,12.196661149482283,5592031.70506069,8.32432791145898,0.3482598660221742
2011-8,0.7362017288285323,7.87,0.4606629482097047,-9768.231853083638,2.087218082990609,0.8353216021324007,0.5104707470584671,192729540.8972645,7803254.707677998,0.5950647433019467,2.4022886956911336,1001.4119798128168,1548.1238172949572,27.20748473296155,22.03885555594342,75.36453730323207,1.5363990678549335,7034399.122389093,347502.79049823293,12.194974158773643,5594944.743879547,8.378912775897,0.3493835269300081
2011-9,0.7361790848810077,6.693,0.4606035369977562,-9679.164240091171,2.075344728788324,0.9932758224293476,0.5256001504469264,192835273.4173943,7805630.84294439,0.6015952884327453,2.487976444523175,1000.9827976086132,1574.3611264989486,27.45697705565871,21.90443000667388,73.71177285304016,1.6363659347453423,7046746.698819319,347484.47885324544,12.193287168065003,5597857.782698405,8.43349764033502,0.3505124644315383
2011-10,0.7361564409334831,6.684,0.4616014514378777,-9537.77691961498,2.077328519541877,0.8529009397936996,0.5230163290600557,192941005.93752408,7808006.978210783,0.6045280531318781,2.371965115867724,1000.6660953264372,1566.9849680204188,27.587437210066508,21.60417132666214,71.90453696160287,1.807435358481806,7059094.2752495445,347466.16720825795,12.191600177356364,5600770.821517263,8.48808250477304,0.3514394354051009
2011-11,0.7361337969859584,8.833,0.4639560877440755,-9968.453886702957,2.074663694821419,0.9080862842620008,0.5203108881755449,193046738.45765385,7810383.113477174,0.6075073462033619,2.122087315494712,1000.6658032099684,1558.4288890691644,27.653072215131,21.24422583631124,70.12773423787856,1.970430083187936,7071441.851679769,347447.8555632705,12.189913186647722,5603683.860336121,8.542667369211058,0.3523652785476481
2011-12,0.7361111530384337,9.774,0.4721630104203435,-9986.589161982563,2.076644486808949,0.921343506933786,0.5250917546367961,193152470.9777836,7812759.248743567,0.5951869340064411,1.9178500526867288,1000.8310575508827,1552.6758959245303,27.71984392917364,20.85109644984049,68.24352120396476,2.130628318353275,7083789.428109994,347429.5439182831,12.188226195939082,5606596.899154979,8.597252233649078,0.3531028983609481
2012-1,0.7360885090909091,9.914,0.4733415062904513,-10404.150759011012,2.0905714352596823,0.6957659642201535,0.5361604483491258,193258203.49791336,7815135.384009959,0.6110671295983301,1.7469548037276372,1001.0232974504698,1519.717098738645,27.58099016968089,20.813210473211456,68.67644889977016,2.1463946803740703,7096137.00454022,347411.2322732956,12.18653920523044,5609509.937973836,8.651837098087098,0.3540161832856091
2012-2,0.7360752348484848,9.563,0.476080947409229,-9928.241624071832,2.1011962123086314,0.709225961971412,0.547043585265198,193353913.43027985,7816645.273799296,0.5998092162889704,1.657824602150324,1001.235789458972,1487.8439337766818,27.362826460378496,20.97807704867856,70.21778962211972,2.0571254283556075,7108112.961837524,347592.30463834,12.18618115481974,5612733.436348241,8.726775484394338,0.3549254516941084
2012-3,0.7360619606060606,9.217,0.4859216468538039,-9880.218215766452,2.117529533577395,0.7934804767483497,0.5760461169470958,193449623.3626464,7818155.163588634,0.5994875672440965,1.5121757140860417,1001.6649131103076,1472.380904792799,27.163136864324635,21.26386463293027,72.17939578264898,1.9148553052514816,7120088.919134826,347773.3770033845,12.185823104409042,5615956.934722645,8.801713870701576,0.3559126857557006
2012-4,0.7360486863636363,8.291,0.495982472496991,-10098.092464217463,2.1289644149802243,0.6939196106512057,0.5748028697718967,193545333.2950128,7819665.053377971,0.6070633278923643,1.6522402551611044,1002.0238970842348,1418.3524743167195,26.783184856596588,21.61551584802604,75.1629385412014,1.7362771328728848,7132064.87643213,347954.44936842896,12.185465053998342,5619180.433097049,8.876652257008816,0.3568983006794971
2012-5,0.736035412121212,9.572,0.4931284401808382,-9610.545103294866,2.157948049971086,0.5695255856507171,0.5455839993066408,193641043.2273793,7821174.943167307,0.6337829017520761,1.4937137824753262,1002.46160179382,1402.9035270411134,26.55331853178833,21.762548336286805,76.72954407625481,1.6263486660255568,7144040.833729434,348135.5217334734,12.185107003587644,5622403.931471453,8.951590643316056,0.3579218963294532
2012-6,0.7360221378787878,7.885,0.4947842743091953,-9553.334932170872,2.190346510129612,0.5795592429448698,0.5142239683724931,193736753.15974572,7822684.832956645,0.6091979248637831,1.589976339371573,1002.7064541447788,1459.9404400039457,26.66764125985969,21.790151377373697,76.46874248521728,1.5667759744279717,7156016.791026737,348316.59409851785,12.184748953176944,5625627.429845857,9.026529029623296,0.3588189585166489
2012-7,0.7360088636363635,7.461,0.4943665113324502,-9513.302050841186,2.214523649851895,0.5827682636845355,0.4886763343071003,193832463.09211224,7824194.722745982,0.6098789200190179,1.864717770586003,1002.3785905752026,1501.98685818155,26.965293833517794,21.75558033369716,75.28067424661847,1.5406717075054115,7167992.74832404,348497.6664635623,12.184390902766246,5628850.928220261,9.101467415930536,0.3600682381302098
2012-8,0.7359955893939394,9.928,0.4915042848216534,-9248.591121065274,2.219844415701115,0.6501678151976338,0.4575820419650054,193928173.0244788,7825704.612535319,0.5983134710296607,1.5980648986399,1001.9075284830265,1580.2006798170112,27.497782135904384,21.55549225970957,72.5067614262454,1.5939543937944411,7179968.705621344,348678.7388286068,12.184032852355546,5632074.426594665,9.176405802237774,0.3613548412788077
2012-9,0.7359823151515151,6.799,0.495333786512332,-8953.98283753283,2.23523857379288,0.739173326814493,0.4292143004039244,194023882.9568452,7827214.502324657,0.5963880599560772,1.5640833120602358,1001.3270118656628,1622.3923934110596,27.93274391037872,21.37086289700345,70.00757742248062,1.6847567481454493,7191944.662918647,348859.8111936512,12.183674801944846,5635297.92496907,9.251344188545014,0.3626472567382354
2012-10,0.7359690409090909,6.685,0.4926639045673969,-8835.504327700251,2.2363657278565263,0.6484022586395336,0.420275744209899,194119592.8892117,7828724.392113993,0.5956099986115735,1.2956224033967114,1000.9806808897932,1611.4200071685732,28.229646695578317,20.92799411255732,67.13313295115265,1.871226479772268,7203920.620215951,349040.88355869567,12.183316751534148,5638521.423343474,9.326282574852254,0.3639990591520312
2012-11,0.7359557666666666,7.509,0.4912755604377996,-8581.940757744464,2.249359243852222,0.8483336510832361,0.44717948920874,194215302.8215782,7830234.28190333,0.6005163471467005,1.1678418868307407,1000.9193991078748,1569.5359542450162,28.20910411563568,20.72424317883732,66.2743814406527,2.032828939009864,7215896.577513254,349221.95592374017,12.182958701123448,5641744.921717878,9.401220961159492,0.3653628902142008
2012-12,0.7359424924242424,7.242,0.4951952296466009,-8544.01174850321,2.257490310710041,0.7050754851328997,0.4479600832678483,194311012.75394467,7831744.1716926675,0.5956513693421339,1.0138644497695684,1001.0281961659048,1557.196146938207,28.24067353823938,20.50130104183611,65.10334507814355,2.186284391193736,7227872.534810557,349403.0282887846,12.18260065071275,5644968.420092282,9.476159347466732,0.366739247318111
2013-1,0.7359292181818181,8.872,0.5046931182782365,-8401.94723497529,2.2677230439962424,0.6325213170151893,0.4466402817276171,194406722.6863112,7833254.061482005,0.6113594968254873,1.0781188980137588,1001.2583992738248,1530.0164726319952,28.26918985476428,20.337071519259723,64.34739611548608,2.2726707006717044,7239848.492107861,349584.10065382905,12.18224260030205,5648191.918466686,9.551097733773972,0.3681978576360011
2013-2,0.7359148377525252,9.111,0.5124255618774355,-7683.858924014924,2.2834910014644234,0.7238970008216834,0.44956565047477,194494304.85081053,7833744.844245157,0.6049217884945463,1.4598289235605546,1001.4352661090244,1472.9485993812357,27.91969294816565,20.771720826207996,67.33960268120498,2.150257970324005,7248971.092393148,349142.9036516056,12.179964956348694,5649839.365605278,9.615864594804304,0.3696743386113306
2013-3,0.7359004573232323,11.886,0.5277338631085374,-7874.357530363,2.30250674180213,0.7284023772815685,0.4689655756860415,194581887.01530987,7834235.627008309,0.6055953327124688,1.7620056541061155,1001.769895351819,1472.9979569433185,27.760579221293515,20.998901589891336,68.89119607838138,2.0325239090378164,7258093.692678434,348701.7066493821,12.17768731239534,5651486.812743869,9.680631455834634,0.3711609456506956
2013-4,0.7358860768939394,13.366,0.5336755979317418,-7983.55089917278,2.328894103495439,0.7477355306075513,0.4808492138370067,194669469.17980924,7834726.409771461,0.6049377101169569,2.306649799881616,1002.2491242677788,1427.4846020068162,27.317071123788192,21.3238084270175,71.91676465445224,1.8583115820938831,7267216.292963721,348260.5096471586,12.175409668441985,5653134.25988246,9.745398316864966,0.3728416043835854
2013-5,0.7358716964646465,9.793,0.5388021137696795,-7615.094274633246,2.34263188987848,0.7368569931299708,0.4901839320084706,194757051.34430856,7835217.192534613,0.6092086325659531,2.7402822932519006,1002.5071662664031,1405.8336627717897,26.887138391610865,21.65671656693784,74.94611248976794,1.6872965057583929,7276338.893249008,347819.31264493515,12.173132024488629,5654781.707021052,9.810165177895298,0.3744320108675439
2013-6,0.7358573160353535,8.558,0.5488843980670126,-7352.877238643337,2.363408595693961,0.6481133916523047,0.4977501851159618,194844633.508808,7835707.975297765,0.6003939469641899,2.8276636276309337,1002.549175428671,1442.305206111241,26.883344755523414,21.73742512385726,75.29539755714585,1.6138652468675556,7285461.493534294,347378.11564271164,12.170854380535271,5656429.154159643,9.874932038925628,0.3760321590137387
2013-7,0.7358429356060605,9.703,0.5580294451821031,-7192.841626570655,2.393575578288626,0.6628312331448613,0.4941458500105189,194932215.6733073,7836198.758060917,0.588257252871006,2.776173772917089,1002.3993196383184,1463.3847564555035,26.92619118872881,21.71216363690205,75.0920871181163,1.5674081210378048,7294584.093819581,346936.9186404882,12.168576736581915,5658076.601298234,9.93969889995596,0.3777034162235291
2013-8,0.7358285551767676,9.367,0.5639348917935356,-6960.548770036087,2.4314858886849344,0.7819503583692398,0.4993334599921049,195019797.83780667,7836689.54082407,0.590312709374934,2.447218490015463,1001.7816926584826,1490.228054157917,27.143556523146856,21.71428401762801,74.24671587764638,1.567060161163434,7303706.694104868,346495.7216382647,12.16629909262856,5659724.048436826,10.004465760986292,0.3794471621460057
2013-9,0.7358141747474747,9.775,0.5721649314585118,-6847.000952014708,2.4711648234950228,0.8159291910683549,0.518698005154016,195107380.00230604,7837180.323587221,0.5883789943968316,1.8710336774020475,1001.4031687790102,1523.3360408760486,27.428593982797924,21.536006403056863,72.28236275179799,1.671254508248947,7312829.294390154,346054.5246360412,12.164021448675204,5661371.495575417,10.069232622016624,0.3812035628646995
2013-10,0.7357997943181818,9.853,0.584033531345466,-6919.499864502943,2.512916253999241,0.5912474783361916,0.5267204103521198,195194962.1668054,7837671.106350373,0.586680702681813,1.491416590916148,1001.1920668305949,1527.7955033003834,27.60136704189141,21.09736414852368,69.82143125630795,1.847019538420687,7321951.894675441,345613.32763381774,12.161743804721851,5663018.9427140085,10.133999483046956,0.3829727689551722
2013-11,0.7357854138888889,11.224,0.5955117370578658,-6561.5305368475965,2.551397636335105,0.5260162419170064,0.5382245752764477,195282544.3313048,7838161.889113526,0.5879491241011995,1.272959215709664,1001.0097306548588,1509.4939591213345,27.7295247071117,20.72948984153788,67.79172213494802,2.040647919530245,7331074.494960728,345172.1306315943,12.159466160768496,5664666.3898526,10.198766344077288,0.3847591635174185
2013-12,0.7357710334595959,10.406,0.6067679747989635,-4496.194346034222,2.592147308610895,0.6380280317532818,0.5418554668499356,195370126.4958041,7838652.671876677,0.5824479358950329,1.3841061167658846,1001.1554830290028,1525.6747834196406,27.9773933424188,20.254890194408624,65.03612157321223,2.2593898288339087,7340197.095246014,344730.9336293708,12.15718851681514,5666313.836991191,10.263533205107615,0.3865835285168016
2014-1,0.735756653030303,9.723,0.6166578720311803,-4791.082206933234,2.625524917219098,0.8358875911501001,0.559340440568571,195457708.66030347,7839143.45463983,0.5881063236886775,1.5145450366750042,1001.4696704315508,1600.707962245129,28.628407315379047,19.900292783429908,61.448879215537,2.489627249732338,7349319.695531301,344289.7366271473,12.154910872861784,5667961.284129783,10.328300066137947,0.3884504801526354
2014-2,0.7356994075652357,10.334,0.6267255529646644,-3998.777950768382,2.657054580116229,0.8682876758069693,0.5677726853077433,195539057.87683183,7838649.955390375,0.5806989603027664,1.7160123656609636,1001.5657605005046,1606.9927750046206,28.824608921268982,19.95979334110468,60.97572661985084,2.493640332915109,7356814.552718607,343973.78828236024,12.152887574078289,5669396.592437077,10.361255614993237,0.3901532209050236
2014-3,0.7356421621001683,10.581999999999995,0.6244938102208978,-3922.007671721373,2.686153730479649,0.9787195875419494,0.5596242995943259,195620407.09336025,7838156.45614092,0.586635485690803,1.8881568969023248,1001.9492622131478,1590.579204484546,28.68014816274724,20.26529021292489,62.83942794082334,2.382608069974624,7364309.409905912,343657.8399375732,12.15086427529479,5670831.900744371,10.394211163848524,0.3918721549705525
2014-4,0.735584916635101,10.83,0.6209952829426753,-3994.229497353106,2.7114317753143893,0.7720032263157482,0.5364320176075347,195701756.30988863,7837662.956891467,0.591883402393797,1.610957802001181,1002.5215548944908,1582.680879957006,28.37364983885736,20.647598016755055,65.48697894923124,2.213559644471575,7371804.267093219,343341.89159278607,12.148840976511297,5672267.209051666,10.427166712703812,0.3935447971994271
2014-5,0.7355276711700336,10.83,0.6257914627476894,-3354.8084163966905,2.7478086602191683,0.7423923443289453,0.5495264900123437,195783105.52641705,7837169.457642012,0.5752470773836221,1.8909924523669264,1002.6831209179068,1494.1998609865527,27.595728638751524,21.040184028801285,69.83807360433366,1.919320376453561,7379299.124280524,343025.943247999,12.146817677727798,5673702.51735896,10.4601222615591,0.3952314603937114
2014-6,0.7354704257049662,10.83,0.6262539734123189,-3377.357259521218,2.7716833665507616,0.8021174298608076,0.5920559285981742,195864454.74294543,7836675.958392558,0.5716034891312047,2.026397770875941,1002.8386187706744,1530.7848735223597,27.49023703669194,21.13927977988544,70.69582184226029,1.8031905670051367,7386793.98146783,342709.99490321195,12.1447943789443,5675137.825666254,10.493077810414388,0.3968092065991044
2014-7,0.7354131802398989,10.83,0.6313860080878928,-3216.635878446735,2.7882412615797647,0.8627885677789362,0.5985422951333923,195945803.95947385,7836182.459143104,0.5673668679938052,1.6674539732111562,1002.7032503526252,1572.341417758058,27.60048782820785,21.10927688136112,70.12962696182039,1.7345481024232186,7394288.838655136,342394.0465584249,12.142771080160804,5676573.133973548,10.526033359269675,0.3984008443150728
2014-8,0.7353559347748316,10.83,0.6429578345522896,-2885.616364724399,2.799745702635436,0.9327343055875216,0.620784457599235,196027153.17600223,7835688.959893649,0.5571115199932906,1.6755248548125807,1002.1209848804386,1585.2656321192742,27.767709563501647,21.13754987328384,69.55344866971204,1.704440334767565,7401783.695842441,342078.09821363783,12.140747781377309,5678008.442280843,10.558988908124965,0.3998076321963966
2014-9,0.7352986893097643,10.83,0.6425793355672005,-2848.963410513361,2.808315116654504,0.8350796030219083,0.6235028742448315,196108502.39253065,7835195.460644195,0.5613727046660177,1.1784823712713826,1001.6832680578816,1627.0649399722893,28.067739096530467,20.95059522433896,67.60015355616393,1.7828829709015168,7409278.553029747,341762.1498688508,12.13872448259381,5679443.750588138,10.59194445698025,0.4011842197661434
2014-10,0.7352414438446969,10.83,0.6392578161601571,-3907.107095676229,2.804908515488413,0.9756249899384358,0.6297128451395438,196189851.609059,7834701.96139474,0.561882595374384,0.7566373141850171,1001.5669090722856,1583.9187954230997,28.05307413221657,20.701015479844607,66.60010672983476,1.8915045431939337,7416773.410217052,341446.2015240637,12.136701183810311,5680879.058895431,10.62490000583554,0.4025625251340599
2014-11,0.7351841983796296,10.83,0.6373515694579686,-3227.51837665533,2.795899184623759,0.9180574682586488,0.6229666635258632,196271200.8255874,7834208.462145286,0.5609901993899514,0.655092077181283,1001.4913264414974,1589.989400193094,28.23832880829944,20.23583895529177,64.14471553584252,2.0592993957157097,7424268.267404359,341130.2531792766,12.134677885026818,5682314.367202726,10.657855554690826,0.4038393305622645
2014-12,0.7351269529145622,10.83,0.6360469982134822,-1917.4317974494293,2.78399183647624,0.788962224048855,0.620227626267029,196352550.0421158,7833714.962895832,0.5583468086194056,0.537887394662526,1001.6069570331696,1572.4244762779545,28.440741900618228,19.68473880366874,61.31220194426567,2.245173398790228,7431763.124591664,340814.30483448954,12.13265458624332,5683749.67551002,10.690811103546114,0.4051102783244698
2015-1,0.7350697074494948,10.9565,0.6307582587964796,-2616.8997576320057,2.7629000308796305,1.042209076805477,0.6247636985731346,196433899.2586442,7833221.463646377,0.5643201849311866,0.4731866756694268,1001.7636527444372,1558.3828064323027,28.53485494841161,19.35535250496572,59.82539267661609,2.350175461965317,7439257.98177897,340498.3564897025,12.130631287459824,5685184.983817315,10.723766652401402,0.4063423401817425
2015-2,0.7350778688571318,11.083,0.6147595881948112,-1862.845727482143,2.731373030611945,0.9523099376838796,0.6159498907536554,196510910.34709772,7832032.576236982,0.5578499948925274,0.3452214718891929,1001.8892820247904,1519.5961376943549,28.35685858267604,19.49359688797073,61.10613629113324,2.315719080161536,7445454.303172871,340499.4966739959,12.12974654766836,5686842.395809799,10.727127809717071,0.4074963092132883
2015-3,0.7350860302647688,11.083,0.5970521193441455,-1788.67566224678,2.690513480186384,1.0316822290915963,0.6007740589226123,196587921.43555132,7830843.688827586,0.5538281215537108,0.2920540254832862,1002.2177924029024,1484.850225750864,27.993886362235504,19.93139734093848,64.14489934687772,2.176636177939512,7451650.624566774,340500.63685828936,12.128861807876897,5688499.807802283,10.73048896703274,0.4084722677970018
2015-4,0.7350941916724058,11.083,0.5743851449816068,-1983.071950652572,2.644962597296267,1.155610329600543,0.5534640279682566,196664932.5240049,7829654.801418191,0.5397104233667973,0.2444639368644708,1002.5638775632484,1459.1217067897962,27.513517598687734,20.46611584165443,68.03968177152122,1.9811980649761989,7457846.945960675,340501.77704258275,12.127977068085432,5690157.219794767,10.733850124348413,0.409437804983661
2015-5,0.7351023530800428,11.083,0.5670526867581346,-1293.4323802746076,2.593045627781998,0.9786792591641936,0.5257622894811392,196741943.61245853,7828465.914008795,0.5418486420045491,0.1974474466773778,1002.7441810575898,1443.9878156392756,27.16246121334572,21.017220793490655,71.45874816039911,1.773214990854353,7464043.267354577,340502.9172268762,12.127092328293967,5691814.631787251,10.73721128166408,0.4102050743836625
2015-6,0.7351105144876797,11.083,0.5478333106966745,-1067.0845865121862,2.546115295902478,1.0653216299246508,0.4987332763683365,196818954.7009121,7827277.0265994,0.5400657850543165,0.1619950584321621,1002.6621191426644,1526.5092468750029,27.429887933241694,21.10365119269192,70.85706035268032,1.6678828654489748,7470239.588748479,340504.05741116963,12.126207588502504,5693472.043779735,10.74057243897975,0.4109351369043997
2015-7,0.7351186758953168,11.083,0.5365873701380962,-977.4173895299176,2.494946044886325,0.8325167309078593,0.4787533394551196,196895965.7893657,7826088.139190003,0.5074060266479925,0.1290733927813308,1002.3176918054364,1576.2377613065808,27.865227507389537,20.99289982281952,68.88595457726758,1.640695372266763,7476435.910142381,340505.197595463,12.125322848711038,5695129.455772219,10.74393359629542,0.4116474425756377
2015-8,0.7351268373029537,11.083,0.5273742665657696,-1005.6966908148006,2.438647482980156,1.07847370311493,0.471500431076438,196972976.8778193,7824899.251780608,0.5018784506026249,0.0982472161259257,1001.7593775701934,1627.6646261165786,28.3836675045876,20.82887408331366,66.26923548500092,1.672221741306224,7482632.231536282,340506.33777975646,12.124438108919572,5696786.867764703,10.74729475361109,0.4122177288277215
2015-9,0.7351349987105906,11.083,0.5254036415611213,-1039.1595055245705,2.375528331843324,0.9625157301509716,0.4754222059965265,197049987.9662729,7823710.364371212,0.4892573432807409,0.2066696538045866,1001.5450162425008,1644.8412847190546,28.75173153697699,20.426314568649364,63.27019603982116,1.827062567407644,7488828.552930185,340507.4779640499,12.123553369128109,5698444.279757188,10.75065591092676,0.4126824342702055
2015-10,0.7351431601182277,11.083,0.5220003499305623,-1243.715598453343,2.3072500360953296,1.138988731876403,0.4476002509116798,197126999.05472648,7822521.476961817,0.4890711871355146,0.2041515217793248,1001.4195743791388,1629.5836113228158,28.891278703102007,19.987376054513224,61.09264348309422,2.0109289969245245,7495024.874324086,340508.61814834335,12.122668629336644,5700101.691749672,10.75401706824243,0.4131207785846036
2015-11,0.7351513215258646,11.083,0.5097139584731153,-1329.2467358809024,2.2426446030768825,1.0384357357644425,0.4263937170455484,197204010.14318004,7821332.589552421,0.4860587480427329,0.4264306873841483,1001.3933260901024,1598.8677487111534,28.86288194346624,19.78253714074014,60.21859043362202,2.202683464094501,7501221.195717988,340509.7583326368,12.12178388954518,5701759.103742155,10.7573782255581,0.4135523706178572
2015-12,0.7351594829335016,11.083,0.4963303303387326,-1107.7866583101536,2.1904251534185515,1.0724646806663891,0.4149277811632851,197281021.23163363,7820143.702143026,0.4784691485313357,0.471555460943489,1001.6528107352916,1595.695210409953,29.00989081619903,19.382738494054006,58.26732700846344,2.3723532391369635,7507417.51711189,340510.8985169302,12.120899149753717,5703416.51573464,10.76073938287377,0.4139563136199071
2016-1,0.7351676443411386,10.457999999999998,0.4804030314721972,-3390.8754810096625,2.1483491910676875,1.0732914432300884,0.4151945630880473,197358032.3200872,7818954.81473363,0.4806328467484032,0.8287851369824307,1001.6042724165452,1576.3297925461086,28.960280057828808,19.53575361191776,59.10023127894537,2.3379023161530825,7513613.838505791,340512.0387012236,12.120014409962252,5705073.927727124,10.76410054018944,0.4143108602546643
2016-2,0.7350401264952381,9.833,0.4582345653383405,-2667.741466194896,2.1171823395135774,0.9886443684835264,0.3840895451802815,197432600.1003621,7817259.857969137,0.4731333880353363,1.359258402766163,1001.8402776661286,1509.0133997128137,28.62326719452557,20.133294491854198,62.5764496583834,2.188405033032123,7517501.430280039,340469.81530256703,12.119636831480252,5706619.219131857,10.74488732651944,0.4146549496445016
2016-3,0.7349126086493376,9.833,0.4382653615092318,-2859.062558346457,2.0931033141951554,1.0384598121784336,0.3756470321164557,197507167.8806371,7815564.901204644,0.4648157232951847,1.668266773568005,1002.3497580226382,1483.2891823540592,28.209430604775427,20.51551988519889,65.73455105830826,2.0010276134879086,7521389.022054287,340427.5919039104,12.119259252998251,5708164.510536591,10.725674112849438,0.4149713114555114
2016-4,0.7347850908034372,9.833,0.4301790666375651,-3169.352453991868,2.072428815903636,1.00751001790645,0.3820964756373156,197581735.66091204,7813869.944440151,0.455186748552417,2.323231743694484,1002.7152781420284,1436.0222806028964,27.518466242774814,21.17859387809671,70.77124742794815,1.7698416946163842,7525276.613828533,340385.3685052538,12.118881674516253,5709709.801941324,10.706460899179437,0.4152590493429595
2016-5,0.7346575729575368,9.833,0.4219991438558282,-2883.308840862046,2.0559185514258647,1.0927592310529022,0.4050692196787397,197656303.44118696,7812174.9876756575,0.4458664086781032,2.3484079007068805,1003.1040886117726,1435.2830906218674,27.17221698296936,21.457270879767943,73.13690334477958,1.6348723329119608,7529164.205602781,340343.1451065972,12.118504096034254,5711255.093346057,10.687247685509435,0.4154981157132357
2016-6,0.7345300551116363,9.833,0.4276360353070148,-2975.6400740144,2.0383289573688583,1.1886381346457082,0.4092639692637682,197730871.2214619,7810480.030911164,0.4613892521739088,2.520796508229409,1003.211464189773,1494.6632340212338,27.125863675737317,21.4785717820864,73.35638187960012,1.570242597462127,7533051.797377028,340300.92170794064,12.118126517552255,5712800.384750791,10.668034471839436,0.4157892719442464
2016-7,0.7344025372657358,9.833,0.423174444733437,-3206.2407436979347,2.0315258061610644,0.9884781197469455,0.3812478068283722,197805439.0017368,7808785.074146671,0.4322012065217192,2.9451941800744623,1002.7548321709012,1564.3358094936812,27.736592677943683,21.238257281169687,70.3922531131129,1.5903115129923342,7536939.389151275,340258.69830928405,12.117748939070257,5714345.676155524,10.648821258169436,0.4160949875635349
2016-8,0.7342750194198353,9.833,0.406476249562938,-3149.757781764285,2.0305724295198666,1.1468452316963866,0.3986499601282697,197880006.78201172,7807090.117382177,0.4225039481243295,2.6571826026629117,1002.1896156651796,1606.3609354519272,28.552108412924603,20.998164709807696,66.5451308271873,1.6611388264972735,7540826.980925523,340216.4749106274,12.117371360588256,5715890.967560257,10.629608044499436,0.4164969088543199
2016-9,0.7341475015739348,9.833,0.4024664212978491,-3439.0590351732635,2.04589542394608,1.0968349730129716,0.4218717050778418,197954574.5622867,7805395.160617684,0.418532365024963,3.137019062270617,1001.7207182242684,1628.1350036502415,28.914558340706236,20.764874581072977,64.26397131238532,1.762337419282887,7544714.57269977,340174.2515119708,12.116993782106256,5717436.25896499,10.610394830829437,0.4171232206228489
2016-10,0.7340199837280343,9.833,0.405117178149495,-3965.9673132275466,2.0672746138908056,1.0609160061600742,0.4224506608091278,198029142.34256163,7803700.203853191,0.4160254193180028,2.944937219341439,1001.3778703623248,1614.290113692259,29.12454595541505,20.47090618932554,62.29559187139559,1.8732498387851868,7548602.164474018,340132.02811331424,12.116616203624258,5718981.550369724,10.591181617159435,0.4177342206403327
2016-11,0.733892465882134,9.833,0.3907469610472366,-2953.9693584836964,2.086506575082691,1.1479049091605034,0.3923024529656499,198103710.1228366,7802005.247088698,0.4114160891944031,2.6603767011414834,1001.3528544664327,1563.1383061437791,28.77942656761071,20.37157590728926,62.79426867306013,1.967174763425786,7552489.7562482655,340089.8047146576,12.116238625142255,5720526.841774457,10.571968403489434,0.4183295613649505
2016-12,0.7337649480362335,9.135500000000008,0.3851019690388544,-2879.5516234189686,2.094478154479812,1.0441767846983232,0.377390938464421,198178277.90311152,7800310.290324205,0.4077513114353103,2.853959685560256,1001.4927018987316,1549.8421267405631,28.233152532870207,20.27291223879191,64.18399594882675,2.013440438005816,7556377.348022512,340047.581316001,12.115861046660257,5722072.133179191,10.552755189819433,0.4189885456670462
2017-1,0.733637430190333,8.438,0.3803888051781477,-5075.622232112225,2.0938758344390687,0.7621157752691586,0.3569248836113066,198252845.68338645,7798615.333559711,0.4075350767989002,2.505165771213716,1001.6169816965684,1544.9072441961948,28.06732958336368,20.24198482276712,64.58689501363328,2.026735492907863,7560264.93979676,340005.35791734443,12.115483468178258,5723617.424583924,10.533541976149433,0.4196391225515886
2017-2,0.7335437743584416,6.557,0.3762996326553245,-4201.060854040392,2.101650850838241,0.8016855852337811,0.3681934792243305,198326864.97537887,7796393.517478655,0.3978047684696698,2.7355880318707952,1001.7667702589104,1513.7552512907355,27.78882171454528,20.51869997316661,66.72643601551977,1.9654726908086444,7560692.097306707,340036.956898574,12.113358837568654,5723856.352774602,10.54259695091575,0.4203104854570956
2017-3,0.7334501185265502,8.184,0.3800045315218657,-4604.7344280517855,2.113289173700002,0.8150651151170567,0.3837494708257729,198400884.26737133,7794171.701397599,0.3875997638487952,2.4735929055192862,1002.0218180365206,1488.622519462281,27.504516202656117,20.937329658314617,69.47795595333147,1.8253131543576693,7561119.254816654,340068.5558798035,12.111234206959049,5724095.28096528,10.551651925682066,0.4210454686457448
2017-4,0.7333564626946588,8.092,0.3821056011581457,-5041.93583143556,2.127631534792117,0.7925222034658698,0.4054428465788985,198474903.55936372,7791949.885316542,0.3886971443037969,2.369683426312331,1002.5526479916886,1435.3917511062048,27.13881815548268,21.27152254620342,72.27129432571078,1.7011356007796703,7561546.412326602,340100.1548610331,12.109109576349445,5724334.209155958,10.560706900448382,0.4218979829487803
2017-5,0.7332628068627673,7.806,0.3779774472025649,-4656.590400431132,2.144624778414481,0.6561728681094356,0.435891393897483,198548922.8513562,7789728.069235486,0.3866356488127153,2.255235010518338,1002.7652905397368,1437.2820765404788,27.04423818191442,21.51380865723196,73.68227610147609,1.586606737541695,7561973.569836549,340131.7538422626,12.10698494573984,5724573.137346636,10.5697618752147,0.4227645171929664
2017-6,0.733169151030876,10.831,0.3679963198646961,-5068.400972271061,2.162820271284532,1.0279727308864324,0.4573226001100615,198622942.14334863,7787506.25315443,0.388570077523086,2.201910484569831,1002.8360398527684,1479.5300556816562,27.150886258922093,21.54941366125359,73.43877476198905,1.541924274171762,7562400.727346497,340163.35282349214,12.104860315130235,5724812.065537314,10.578816849981015,0.4236330772502991
2017-7,0.7330754951989846,7.703,0.3728976057660844,-5595.499878102875,2.1827530258841654,0.6597887866917255,0.4758652393700967,198696961.4353411,7785284.437073373,0.3783354712469384,2.291790693270843,1002.5728155244188,1534.5936864565745,27.479972470237097,21.420433982205942,71.700576962509,1.5681724192962534,7562827.884856444,340194.95180472167,12.102735684520631,5725050.993727991,10.587871824747332,0.4245044637879706
2017-8,0.7329818393670932,8.956,0.366903937105431,-5783.316459502323,2.20699398468004,0.5839846844524282,0.4715205842663207,198770980.72733355,7783062.620992317,0.3781503578714068,2.4013935574013296,1001.791177271286,1617.294195637207,28.089399405114964,21.182049466407022,68.4732829817956,1.654963009345473,7563255.042366391,340226.5507859512,12.100611053911026,5725289.92191867,10.596926799513648,0.4253790968739366
2017-9,0.7328881835352018,8.626,0.3589351548715466,-6001.730740495946,2.2153275867555475,0.7533115542772516,0.4768271180048898,198845000.019326,7780840.8049112605,0.3776661110809737,2.2535309810708166,1001.3973331330898,1625.80144362431,28.341741945449296,20.872846540528812,66.24411806608087,1.8035338745954752,7563682.199876338,340258.1497671808,12.098486423301422,5725528.850109348,10.605981774279964,0.4263211656095736
2017-10,0.7327945277033103,6.735,0.3543133490207389,-6454.887704474953,2.232466347059879,0.8823428859514654,0.4754272182499585,198919019.3113184,7778618.988830204,0.3778377185871009,2.0612523591134675,1001.0774481229564,1633.9353739402034,28.51451523604894,20.36731928672328,63.62496972088968,1.9744473812612289,7564109.357386285,340289.74874841026,12.096361792691816,5725767.7783000255,10.61503674904628,0.4272933846164995
2017-11,0.732700871871419,9.161,0.3527279000225793,-6243.191420924375,2.263185047283645,1.0041735701218284,0.491301237991556,198993038.60331085,7776397.172749148,0.370057443718766,2.175937358995747,1001.0016581726924,1632.8410446303126,28.56852002879494,19.750882449602532,61.1425316444591,2.170530467774109,7564536.514896234,340321.34772963985,12.094237162082212,5726006.706490704,10.624091723812596,0.4282764990253137
2017-12,0.7326072160395275,8.634,0.3672792049521601,-5909.074373680363,2.284012403287865,0.6040080269231933,0.5118095547455561,199067057.8953033,7774175.356668091,0.3656492538346034,1.8489744814086884,1001.4010600401724,1605.57895646284,28.58708265230435,19.427485299989847,59.78868353070474,2.3285648593778108,7564963.672406181,340352.9467108694,12.092112531472608,5726245.634681381,10.633146698578914,0.4292504608295475
2018-1,0.7325135602076361,7.115,0.359951630964679,-7507.112082157307,2.294901938999484,0.4798858738803947,0.5005214276758065,199141077.18729573,7771953.540587035,0.3696733376163027,1.89807175490313,1002.0334950020645,1373.5359125290108,28.397696369367026,19.35312565813287,60.214113894054826,2.442969926303544,7565390.829916128,340384.5456920989,12.089987900863004,5726484.56287206,10.64220167334523,0.4302360556705606
2018-2,0.7323053296031485,2.781,0.3566771125869745,-6365.607522997055,2.2942193420185,0.6233855032154204,0.4906301391980058,199211473.5675211,7769100.068513057,0.3678170211034027,1.900840461745606,1002.4562338208522,1303.2851948487337,28.107473325659583,19.66807851791963,62.5197153085591,2.400462922861475,7561563.834834591,340367.06851024897,12.088976012714326,5725357.605474107,10.624540825632518,0.4312345290463952
2018-3,0.7320970989986609,7.49,0.3495024706940896,-6480.507442523628,2.2880364237022737,0.5637820432387992,0.5232126003004083,199281869.9477465,7766246.596439078,0.3683207687170368,1.8847010781557587,1003.0394484259178,1194.3102793023895,27.605146925891948,20.28447500840484,66.73527669367995,2.2268775933161327,7557736.839753052,340349.591328399,12.08796412456565,5724230.648076153,10.606879977919805,0.4321851327076583
2018-4,0.7318888683941733,7.043,0.3395277178203111,-5470.865705466022,2.2785452626718063,0.5678789637407077,0.515815979242938,199352266.32797185,7763393.124365101,0.3659433206644214,2.281952844765532,1003.423233082307,1079.682243839815,26.89147656369214,20.782057785748872,71.43711245175238,1.993333766827834,7553909.844671515,340332.1141465491,12.086952236416971,5723103.6906782,10.589219130207091,0.4331486800801511
2018-5,0.7316806377896857,4.877,0.3254327923342447,-3673.4527105981465,2.263363965667075,0.5499766318428432,0.52140209156142,199422662.70819715,7760539.652291123,0.3622852915238501,2.5930887544865144,1003.4291694626902,1284.6772346915243,26.684185801790385,21.089535081212865,73.45735559696742,1.740275426097979,7550082.849589977,340314.63696469914,12.085940348268297,5721976.733280247,10.57155828249438,0.434126019482951
2018-6,0.7314724071851981,7.031,0.3206049076093145,-748.3523814090865,2.2443322394271,0.5006727306113294,0.5229599052733115,199493059.0884225,7757686.180217145,0.3628244523982531,3.285131915236317,1003.2790733081848,1321.0139624448095,26.65860767654556,21.255069988339617,74.20922236719382,1.6089641901492588,7546255.854508439,340297.1597828492,12.08492846011962,5720849.775882294,10.553897434781668,0.435118425682333
2018-7,0.7312641765807105,5.988,0.3000532519420144,680.1816531338795,2.2152710819180843,0.5435288427486608,0.5428312509061592,199563455.46864787,7754832.708143167,0.3648945585252806,3.547747575944796,1002.7598460128202,1429.739850271665,27.086125879019885,21.197160873850013,72.37740252229385,1.5798056701884,7542428.859426902,340279.68260099925,12.083916571970944,5719722.818484341,10.536236587068954,0.4364067757586204
2018-8,0.7310559459762229,7.275,0.2957038398442303,2763.919661232488,2.182490373260064,0.5845201125904662,0.6161288722138691,199633851.84887323,7751979.236069188,0.3657658514233124,3.6407060863774263,1002.0968474248084,1547.014205227278,27.59925358458898,21.16150035750604,70.13921943457295,1.643718579065818,7538601.864345364,340262.20541914925,12.082904683822267,5718595.861086387,10.51857573935624,0.4376743632728058
2018-9,0.7308477153717353,9.468,0.308341137605073,4007.361037620176,2.152733596601701,0.5529765291983869,0.6740366051135752,199704248.2290986,7749125.763995211,0.3852201759804345,3.4181434829967627,1001.7621608664016,1564.7829481000192,27.758356969842847,20.85651613430368,68.26792655730307,1.805865603990563,7534774.869263826,340244.7282372993,12.08189279567359,5717468.9036884345,10.500914891643529,0.4395922705058361
2018-10,0.7306394847672477,7.97,0.3141753154888939,4174.914508493512,2.10797519196202,0.4991076724216306,0.7177542561347128,199774644.60932392,7746272.291921233,0.4151525802856482,2.6188562815308307,1001.7365766005244,1575.0952484241802,28.01702955193704,20.421473750649803,65.55907656705243,1.9930855192295411,7530947.874182289,340227.25105544936,12.080880907524914,5716341.946290482,10.483254043930817,0.4417038837687542
2018-11,0.7304312541627601,7.866,0.3212989509448,5007.894545671494,2.054724183351228,0.5578540476393075,0.7723522886923776,199845040.98954928,7743418.819847254,0.4341143590809063,2.0147289537574067,1001.8752180559986,1571.1324639020877,28.04519011065309,19.984209554423483,63.73125421751058,2.222785334179241,7527120.879100751,340209.7738735994,12.079869019376238,5715214.988892528,10.465593196218103,0.4440012238325996
2018-12,0.7302230235582725,8.108,0.3517183793100564,6196.877278409354,2.0126469916832392,0.4970230904665642,0.8188839179929231,199915437.36977464,7740565.347773276,0.4462102421398145,1.734827458621213,1002.0846159853904,1608.4286100340178,28.317756695789743,19.33542927584692,60.52340229966092,2.4083848603833604,7523293.884019213,340192.2966917495,12.07885713122756,5714088.031494575,10.44793234850539,0.4463332985768373
2019-1,0.7300147929537849,9.908,0.3530778978870197,4628.979909058911,1.984242274075146,0.4536031596049339,0.8964654073710557,199985833.75,7737711.875699298,0.4625053223582739,1.518773765273302,1001.9726900909706,1627.8755323375467,28.775716897294704,19.03591981168438,57.93701096946011,2.4716252585060388,7519466.888937675,340174.81950989953,12.077845243078883,5712961.074096622,10.430271500792678,0.4486709465954044
2019-2,0.7298709656276772,10.723,0.363540940595364,5916.697911939956,1.962208936108535,0.374744071408169,0.9613539894886018,200071297.0347222,7733993.9752234975,0.492198592675812,1.6648224267327656,1001.9715895604196,1575.20915751625,28.60842876076362,19.30564866525768,59.76845935567196,2.385869414808212,7511838.138462212,340224.96662187984,12.077874559128276,5710960.623954084,10.38596774237236,0.4517899634126252
2019-3,0.7297271383015695,10.625,0.3734846407574057,5520.432988796697,1.9416080807058884,0.4956453878114265,0.9922348162286888,200156760.31944445,7730276.074747696,0.518818874802468,2.164235998117468,1002.1879221109378,1518.4937432011236,28.31651472438485,19.788970749118345,62.85842573595352,2.179511528367452,7504209.3879867485,340275.1137338601,12.077903875177665,5708960.1738115465,10.341663983952042,0.4549589323504932
2019-4,0.7295833109754618,10.593,0.3643719899254779,5055.185180977277,1.9170839767672327,0.5241803612683422,1.0281222722573198,200242223.6041667,7726558.174271896,0.5335376321688695,2.4472731968814827,1002.4994735236504,1437.6513529444962,27.71499321387693,20.430509699985077,67.47195442961745,1.94376234268776,7496580.637511285,340325.2608458404,12.077933191227054,5706959.723669008,10.297360225531726,0.4586877785485492
2019-5,0.7294394836493541,10.681,0.3693162019411377,5539.336630210192,1.896664638848358,0.4342481224547813,1.0918504238017774,200327686.8888889,7722840.273796095,0.5740445809008098,2.969761570266043,1002.9618666766036,1360.338855322618,27.011644182810084,21.10083065689029,72.62594788859538,1.697379532389091,7488951.887035821,340375.40795782063,12.077962507276444,5704959.27352647,10.253056467111408,0.462475325397524
2019-6,0.7292956563232464,7.887,0.3773027071398842,6184.950447162058,1.8758899421225184,0.4742948418610756,1.0993189754324773,200413150.1736111,7719122.373320294,0.6213386407393423,3.131294467805155,1003.0786753378508,1394.7905554379597,26.96122987290274,21.320404786775345,73.60350257404629,1.584517626503308,7481323.136560357,340425.55506980093,12.077991823325837,5702958.823383933,10.20875270869109,0.4663061582180252
2019-7,0.7291518289971387,9.751,0.3968803885128472,6076.306190415794,1.8584015680579875,0.5475632504322174,1.129155636153343,200498613.4583333,7715404.472844493,0.6254767746825313,3.071925158906152,1002.8080923374966,1441.1225977042511,27.017189563858445,21.408318942692546,73.58102507165401,1.5426540583414563,7473694.386084894,340475.7021817812,12.078021139375224,5700958.373241395,10.164448950270772,0.4701974455847135
2019-8,0.729008001671031,9.654,0.4112473840791077,6518.883661201889,1.8368841913676568,0.5163942009297142,1.1398350320060624,200584076.7430556,7711686.572368692,0.6280714951608086,3.315225607545558,1002.2791495054756,1464.911620006396,27.20568049147997,21.502529146847888,73.12693813316359,1.529399213829107,7466065.63560943,340525.8492937615,12.078050455424613,5698957.923098857,10.120145191850456,0.4741503635805654
2019-9,0.7288641743449233,9.422,0.4335809238132643,6534.19896978769,1.8140248078306704,0.509922556452955,1.1526577758374856,200669540.0277778,7707968.671892891,0.6350086612279392,3.110927070375724,1001.6600555009982,1501.6886357837295,27.408918397326826,21.52548684203385,72.23575855212648,1.604864391054793,7458436.885133967,340575.9964057418,12.078079771474004,5696957.472956319,10.075841433430137,0.4781661037174354
2019-10,0.7287203470188156,11.16,0.4614308374651361,6135.62651489552,1.8103247511179177,0.4670828362027695,1.1888992178340692,200755003.3125,7704250.77141709,0.6484238153125712,2.87051744217152,1001.4519090931734,1519.193331442699,27.52080976871152,21.212478850951985,70.45547151571296,1.7262423338657833,7450808.134658502,340626.143517722,12.078109087523394,5694957.022813781,10.03153767500982,0.4822445718420857
2019-11,0.7285765196927079,10.491,0.4809638474333891,6503.475784678591,1.810689208343592,0.4414935563658442,1.1803986463970102,200840466.59722224,7700532.870941289,0.6639459805518665,2.589865211961309,1001.4653651178602,1531.7266075394764,27.69834174564297,20.738522697160768,68.01316827187733,1.884138677903556,7443179.384183039,340676.2906297024,12.078138403572783,5692956.572671243,9.987233916589505,0.4863864328058731
2019-12,0.7284326923666002,10.225,0.4880707035029974,6710.139809282732,1.7951280687733866,0.3713694141213152,1.202625124119571,200925929.88194448,7696814.970465488,0.6762702364056034,1.9771513892155077,1001.5974294577758,1575.5396427719927,28.026435698490623,20.214218268352425,64.8483043234396,2.062726010456946,7435550.633707575,340726.4377416826,12.078167719622172,5690956.122528706,9.942930158169183,0.4905927579850682
2020-1,0.7282888650404925,11.124,0.4780868565346471,4984.273772200346,1.7837222660281933,0.2369589962530149,1.2222336051272034,201011393.1666667,7693097.069989687,0.6928135217641951,2.132790577621191,1001.8377685944582,1596.7218761688814,28.322220940182746,19.83993054072461,62.388447830964616,2.130291111231754,7427921.883232112,340776.5848536629,12.078197035671565,5688955.672386168,9.898626399748869,0.4948650497637523
2020-2,0.7282077200786781,12.43,0.4968243101177078,6490.848993717848,1.7763512522940854,0.2752092676158605,1.2657379352792728,201096856.4513889,7688496.775112735,0.6994082193998664,2.1841298040104813,1002.0581755585436,1569.9315410015136,28.292891046091835,20.05137909241256,63.44876549197598,2.0857082176757413,7413312.809356966,340765.3187119966,12.079673040391288,5685158.052217083,9.865688238504127,0.499204416990144
2020-3,0.7281265751168636,12.396,0.5276436406795595,6329.11280018142,1.7700682300548114,0.2303369759222386,1.3297197270360337,201182319.7361112,7683896.480235783,0.7169917132426514,2.376816953523999,1002.2777259280116,1488.5451889142057,28.008184487480538,20.46561240886615,66.10951583376348,1.9422980643536505,7398703.735481819,340754.0525703303,12.081149045111014,5681360.432047999,9.832750077259387,0.5036119657236898
2020-4,0.7280454301550492,13.369,0.5514832563935487,5438.685662277439,1.7717423485518018,0.1913765650219802,1.3210770153367604,201267783.0208333,7679296.185358832,0.7381890794574598,2.725120825348289,1002.5375839491052,1348.0362439607743,27.518422793741767,20.947051971182248,69.7412058037483,1.7551919983204607,7384094.661606673,340742.78642866405,12.08262504983074,5677562.811878913,9.799811916014647,0.5082370031321803
2020-5,0.7279642851932348,11.681,0.571727246976676,4325.890384068123,1.7713994319371078,0.2576891474031371,1.3505721385223486,201353246.3055556,7674695.890481881,0.7878267480042566,2.5625306409576547,1002.6403263884022,1237.5112595680184,27.05128713943709,21.354272595400207,73.1396540753339,1.615454337028985,7369485.587731527,340731.5202869978,12.084101054550462,5673765.191709829,9.766873754769907,0.5129939076842626
2020-6,0.7278831402314203,5.663,0.5981822358469298,1859.7867737551896,1.7727879108405782,0.3096136283249024,1.3583103027460413,201438709.5902778,7670095.595604929,0.8361031042589587,2.995097220148866,1002.5492017595806,1199.116742557088,27.27293690347484,21.107963502095533,71.46886699026113,1.569320398114267,7354876.513856381,340720.2541453315,12.085577059270188,5669967.571540744,9.733935593525167,0.518481007443473
2020-7,0.7278019952696058,12.284,0.5846634058109625,-1737.9750802210497,1.776429863318404,0.2359248260994371,1.334950106776097,201524172.875,7665495.300727977,0.856374097154075,2.704202193303068,1002.3915827536856,1004.5818500966712,28.070612974977696,20.811718858994315,67.57224889003886,1.6095696203975296,7340267.439981235,340708.98800366523,12.087053063989911,5666169.951371659,9.700997432280428,0.5248761621732921
2020-8,0.7277208503077913,13.513,0.5757778987470635,-2734.252564575232,1.7880861649796354,0.2096916645609896,1.2921362058754833,201609636.15972224,7660895.005851026,0.8443634754934383,2.210005026087817,1002.1329031564446,837.629844591792,28.971830331367308,20.593999945656915,63.3898733757135,1.6867502945191386,7325658.366106088,340697.7218619989,12.088529068709638,5662372.331202574,9.668059271035688,0.5310122721001223
2020-9,0.7276397053459769,15.571,0.5706773693369174,-5200.964446734573,1.8026901607290144,0.1835028569646125,1.2020547228889855,201695099.44444445,7656294.710974074,0.8412736310867062,1.866726031045364,1001.754801897062,877.9592696108866,29.88908468939957,20.402715709909444,59.03211714125174,1.7857411148671942,7311049.292230942,340686.4557203326,12.090005073429364,5658574.71103349,9.635121109790948,0.5372477396272103
2020-10,0.7275585603841624,15.077,0.5750107618212407,-7513.441905598956,1.8088117232622245,0.2032685272834106,1.1328306028435855,201780562.7291667,7651694.416097123,0.8293563546603034,1.3710712724288467,1001.455889413691,864.593859358898,30.11495041041882,20.3707890906251,57.85864140342805,1.9002310687709665,7296440.218355796,340675.18957866635,12.091481078149087,5654777.090864405,9.602182948546208,0.5423876471602995
2020-11,0.727477415422348,14.792,0.5711502607259824,-7678.204281396761,1.8051553259418207,0.194574822117592,1.0625260384907056,201866026.0138889,7647094.121220171,0.8098503092393781,1.1806239980182436,1000.9683424263188,844.5955749677875,30.216211778009924,20.23566931981745,56.74036574220558,2.0274684185386005,7281831.144480649,340663.9234370001,12.092957082868812,5650979.4706953205,9.569244787301468,0.5470587443723719
2020-12,0.7273962704605336,13.671,0.5707390629664149,-8108.751196234888,1.809653920688568,0.3625137332300935,1.0208969313437328,201951489.2986112,7642493.82634322,0.7932326755691429,1.0335695654368762,1000.5725369865768,845.5906793072154,30.24319129011909,19.930138267507317,55.43763418603753,2.161856721969952,7267222.070605503,340652.6572953338,12.094433087588538,5647181.850526235,9.536306626056728,0.5516231835670611
2021-1,0.7273151254987191,14.119,0.5584741789594017,-11364.899736533753,1.814490796790717,0.2035747868177829,1.0107339316161985,202036952.5833333,7637893.531466268,0.802404657006611,0.8558170544769309,1000.28100921793,595.6992480393441,30.312023615214976,19.45282794324015,53.5211714959223,2.3047196274393165,7252612.996730357,340641.3911536676,12.095909092308265,5643384.230357151,9.503368464811988,0.5542130391620046
2021-2,0.7275296340252245,12.288,0.5747067561241442,-10055.969117056047,1.8165366850094025,0.3602342230579834,0.95449451374365,202122415.86805555,,0.8077728270418228,0.4385729454188644,999.9174126615465,326.5550717591924,30.68163238333485,19.14551936150927,51.09988163202363,2.4134349668496955,7235049.333636195,340608.8691218932,12.09752262373314,5638730.794031533,9.515076514956274,0.5569184674966557
2021-3,0.72774414255173,11.384,0.5759550380737111,-10681.371097239642,1.816216843150236,0.7627688179739474,0.892109626483549,202207879.1527778,,0.7911064588115583,0.3325656521903816,999.7672798380077,252.549285586536,30.748121041238416,18.98978365317953,50.29409818771192,2.468573045179852,7217485.670542033,340576.34709011886,12.099136155158014,5634077.357705917,9.52678456510056,0.5589325320962358
2021-4,0.7279586510782354,11.663,0.5735564747536357,-11291.78832348528,1.8089639607511407,0.2796328792033463,0.825168296080587,202293342.4375,,0.7858485486520173,0.2324222360123109,999.6522431024976,167.82908648358176,30.82025386282689,18.855447279704133,49.55930733080827,2.5123896627812665,7199922.007447872,340543.8250583445,12.10074968658289,5629423.9213803,9.538492615244843,0.5610104461371688
2021-5,0.7281731596047409,10.268,0.5761928928113532,-11137.018153234196,1.80696151144469,0.5229087722340279,0.7281692353422864,202378805.72222224,,0.788988536495998,0.1433658333745081,999.5624193717216,106.70477768990143,30.89285818391431,18.770107184913275,48.993326735791975,2.542056810687259,7182358.34435371,340511.3030265702,12.102363218007769,5624770.485054683,9.55020066538913,0.5624952896309366
2021-6,0.7283876681312463,12.188,0.5752151758047193,-11593.707790184802,1.810436957824208,0.3183901021521078,0.6217675784349498,202464269.00694445,,0.7607078967771884,0.1011933887967429,999.5117060446036,75.29759282285988,30.923033298282803,18.716476873970983,48.6923903220446,2.5604313598069117,7164794.681259548,340478.78099479584,12.103976749432643,5620117.048729067,9.561908715533416,0.563995644371968
2021-7,0.7286021766577517,12.214,0.5803881044104545,-12660.940095131144,1.820325672430364,0.19734684282623,0.6016134682921431,202549732.2916667,,0.7307097337489749,0.0681402083119374,999.4751955026888,49.97592242804901,30.948020763574856,18.67743304836977,48.463574912663546,2.573553976182205,7147231.018165386,340446.2589630215,12.10559028085752,5615463.61240345,9.573616765677702,0.5655119570035374
2021-8,0.7288166851842572,12.023,0.5761249700693254,-12926.932236923987,1.833834327621637,0.486265533458544,0.5622758730296696,202635195.5763889,,0.7303668725981315,0.044671347211884,999.4499029884304,33.13975613440148,30.966273177967423,18.65200244389343,48.30704171007145,2.5822917352394823,7129667.355071224,340413.7369312472,12.107203812282394,5610810.1760778325,9.58532481582199,0.5670443098918876
2021-9,0.7290311937107626,9.427,0.5732583602039819,-13554.880376356945,1.8668333099941672,0.55442794237256,0.5648741379057796,202720658.8611111,,0.7396834288490177,0.0305721349029377,999.4338292193888,22.630467340758628,30.97676103426073,18.635130338033456,48.20900099211138,2.588039581604085,7112103.691977062,340381.21489947283,12.10881734370727,5606156.739752216,9.597032865966275,0.568592766296968
2021-10,0.7292457022372681,14.426,0.5630978101265887,-13970.949207112788,1.9052579733036263,0.2705780941921926,0.5760888293945896,202806122.1458333,,0.7482567159379947,0.0204833843466798,1000.0084182443582,15.106592271887015,30.98443642511472,18.894937975756665,50.13994537354948,2.634840756146539,7094540.0288829,340348.6928676985,12.110430875132147,5601503.303426599,9.60874091611056,0.570157367037391
2021-11,0.7294602107637735,13.972,0.549487688796078,-13709.720991139484,1.959848447225784,0.4295182228665009,0.5405079259370922,202891585.43055555,,0.7479432847949268,0.0136752666373573,1000.670307207454,10.125259392435302,30.989638662477557,19.19743867966908,52.37942686796176,2.686453153284301,7076976.365788739,340316.17083592416,12.112044406557022,5596849.867100982,9.620448966254846,0.5717381607803566
2021-12,0.729674719290279,11.017,0.5415832014189058,-14102.464839114058,2.021463941896849,0.6072562441771436,0.5511883082810292,202977048.7152778,,0.7523200574716291,0.0092472551267107,1001.3224732479596,233.6957418601183,30.843667833075777,19.546786713351317,54.9611961762318,2.7115388090111336,7059412.702694577,340283.6488041498,12.113657937981898,5592196.430775366,9.632157016399132,0.5733351848007576
2022-1,0.7298892278167844,12.33,,,,,,,,,0.0062008437301068,1001.8701763631522,454.44932516466105,30.248960074176345,19.948451909825295,57.925795488249,2.6146974287994422,7041849.039600415,340251.1267723755,12.115271469406776,5587542.994449749,9.643865066543418,0.5749484517901036
2022-2,,12.686,,,,,,,,,0.0041604807848821,1002.089655633579,667.6517059470959,29.392221517129844,20.09895390040653,59.03805979034894,2.3975532975501643,,,,,,0.5765779333277165
2022-3,,13.264,,,,,,,,,0.0028012256630999,1002.2081935039778,925.8366834872496,28.388741290016675,20.227741789083307,59.98929306497568,2.1219961753024306,,,,,,0.5782235642002249
2022-4,,13.376,,,,,,,,,0.0018803643111555,1002.3699592241156,973.9969703020424,27.47025716020946,20.325021085616445,60.70759262051052,1.861763297383481,,,,,,0.5798852357964905
2022-5,,10.834,,,,,,,,,0.001263152965591,1002.6210252344632,1064.4754789681672,27.06608313921777,20.37881668215804,61.10499221083359,2.0298883820304434,,,,,,0.5813331566858906
2022-6,,9.008,,,,,,,,,0.0008492489914066,1002.4664967493871,1199.5351995853523,26.991797369920565,20.41879707955112,61.40026827090282,2.1932583362588254,,,,,,0.5826774278371006
2022-7,,10.148,,,,,,,,,0.0005703951811647,1002.1912140332936,1302.0334354047648,27.111079318867404,20.446090692475085,61.60183615746384,2.322632526736208,,,,,,0.5829065561114583
2022-8,,9.133,,,,,,,,,0.0003832567340232,1001.8760447894437,1372.952659299633,27.20703586380625,20.463386350597748,61.72958523417146,2.4098387882861845,,,,,,0.5815595543890315
2022-9,,10.622,,,,,,,,,0.2495186410162131,1001.506562175946,1422.3821018574563,27.17847765088264,20.41340936006763,62.77042571215981,2.1975668990720427,,,,,,0.5798490842703866
2022-10,,10.3,,,,,,,,,0.332549979856383,1001.3374121467338,1429.6422352318004,27.14859656544935,20.39807963349832,63.127189571062615,2.079314642099495,,,,,,0.5777176186745928
2022-11,,10.258,,,,,,,,,0.4654558927627032,1001.2891073170482,1422.3809360707285,27.024824704199688,20.36809334840263,63.65769816799491,2.027642559114995,,,,,,0.5759502182972421
2022-12,,10.258,,,,,,,,,0.6980880249605492,1001.2236601948782,1439.9864787178035,26.98266559034797,20.31129343495451,64.55415094344949,2.041772826146901,,,,,,0.5740158859861267
